REPORTER_LAB,PARTNER_LAB,PRODUCT_LAB,FLOW_LAB,STAT_PROCEDURE_LAB,PERIOD_LAB,INDICATORS_LAB,INDICATOR_VALUE
"Austria","Russian Federation (Russia)","Petroleum oils and oils obtained from bituminous minerals, crude","IMPORT","Total","Jan.-Dec. 2021","VALUE_IN_EUR",256785895
"Austria","Russian Federation (Russia)","Petroleum oils and oils obtained from bituminous minerals (excl. crude); preparations containing >= 70% by weight of petroleum oils or of oils obtained from bituminous minerals, these oils being the basic constituents of the preparations, n.e.s.; waste oils containing mainly petroleum or bituminous minerals","IMPORT","Total","Jan.-Dec. 2021","VALUE_IN_EUR",71624679
"Austria","Russian Federation (Russia)","Coal; briquettes, ovoids and similar solid fuels manufactured from coal","IMPORT","Total","Jan.-Dec. 2021","VALUE_IN_EUR",22576152
"Austria","Russian Federation (Russia)","CEREALS","IMPORT","Total","Jan.-Dec. 2021","VALUE_IN_EUR",387979
"Austria","Russian Federation (Russia)","OIL SEEDS AND OLEAGINOUS FRUITS; MISCELLANEOUS GRAINS, SEEDS AND FRUIT; INDUSTRIAL OR MEDICINAL PLANTS; STRAW AND FODDER","IMPORT","Total","Jan.-Dec. 2021","VALUE_IN_EUR",1047007
"Austria","Russian Federation (Russia)","IRON AND STEEL","IMPORT","Total","Jan.-Dec. 2021","VALUE_IN_EUR",7072624
"Austria","Russian Federation (Russia)","ANIMAL OR VEGETABLE FATS AND OILS AND THEIR CLEAVAGE PRODUCTS; PREPARED EDIBLE FATS; ANIMAL OR VEGETABLE WAXES","IMPORT","Total","Jan.-Dec. 2021","VALUE_IN_EUR",861030
"Austria","Russian Federation (Russia)","ORES, SLAG AND ASH","IMPORT","Total","Jan.-Dec. 2021","VALUE_IN_EUR",95657803
"Austria","Russian Federation (Russia)","Total","IMPORT","Total","Jan.-Dec. 2021","VALUE_IN_EUR",3692264161
"Austria","Ukraine","Petroleum oils and oils obtained from bituminous minerals (excl. crude); preparations containing >= 70% by weight of petroleum oils or of oils obtained from bituminous minerals, these oils being the basic constituents of the preparations, n.e.s.; waste oils containing mainly petroleum or bituminous minerals","IMPORT","Total","Jan.-Dec. 2021","VALUE_IN_EUR",105076
"Austria","Ukraine","Coal; briquettes, ovoids and similar solid fuels manufactured from coal","IMPORT","Total","Jan.-Dec. 2021","VALUE_IN_EUR",24
"Austria","Ukraine","CEREALS","IMPORT","Total","Jan.-Dec. 2021","VALUE_IN_EUR",1592435
"Austria","Ukraine","OIL SEEDS AND OLEAGINOUS FRUITS; MISCELLANEOUS GRAINS, SEEDS AND FRUIT; INDUSTRIAL OR MEDICINAL PLANTS; STRAW AND FODDER","IMPORT","Total","Jan.-Dec. 2021","VALUE_IN_EUR",13223978
"Austria","Ukraine","IRON AND STEEL","IMPORT","Total","Jan.-Dec. 2021","VALUE_IN_EUR",11321048
"Austria","Ukraine","ANIMAL OR VEGETABLE FATS AND OILS AND THEIR CLEAVAGE PRODUCTS; PREPARED EDIBLE FATS; ANIMAL OR VEGETABLE WAXES","IMPORT","Total","Jan.-Dec. 2021","VALUE_IN_EUR",8513150
"Austria","Ukraine","ORES, SLAG AND ASH","IMPORT","Total","Jan.-Dec. 2021","VALUE_IN_EUR",550073499
"Austria","Ukraine","Total","IMPORT","Total","Jan.-Dec. 2021","VALUE_IN_EUR",873567037
"Belgium (incl. Luxembourg 'LU' -> 1998)","Russian Federation (Russia)","Petroleum oils and oils obtained from bituminous minerals, crude","IMPORT","Total","Jan.-Dec. 2021","VALUE_IN_EUR",3167741
"Belgium (incl. Luxembourg 'LU' -> 1998)","Russian Federation (Russia)","Petroleum oils and oils obtained from bituminous minerals (excl. crude); preparations containing >= 70% by weight of petroleum oils or of oils obtained from bituminous minerals, these oils being the basic constituents of the preparations, n.e.s.; waste oils containing mainly petroleum or bituminous minerals","IMPORT","Total","Jan.-Dec. 2021","VALUE_IN_EUR",2412193495
"Belgium (incl. Luxembourg 'LU' -> 1998)","Russian Federation (Russia)","Petroleum gas and other gaseous hydrocarbons","IMPORT","Total","Jan.-Dec. 2021","VALUE_IN_EUR",267281364
"Belgium (incl. Luxembourg 'LU' -> 1998)","Russian Federation (Russia)","Coal; briquettes, ovoids and similar solid fuels manufactured from coal","IMPORT","Total","Jan.-Dec. 2021","VALUE_IN_EUR",236760036
"Belgium (incl. Luxembourg 'LU' -> 1998)","Russian Federation (Russia)","CEREALS","IMPORT","Total","Jan.-Dec. 2021","VALUE_IN_EUR",3957671
"Belgium (incl. Luxembourg 'LU' -> 1998)","Russian Federation (Russia)","OIL SEEDS AND OLEAGINOUS FRUITS; MISCELLANEOUS GRAINS, SEEDS AND FRUIT; INDUSTRIAL OR MEDICINAL PLANTS; STRAW AND FODDER","IMPORT","Total","Jan.-Dec. 2021","VALUE_IN_EUR",130928715
"Belgium (incl. Luxembourg 'LU' -> 1998)","Russian Federation (Russia)","IRON AND STEEL","IMPORT","Total","Jan.-Dec. 2021","VALUE_IN_EUR",1432358677
"Belgium (incl. Luxembourg 'LU' -> 1998)","Russian Federation (Russia)","ANIMAL OR VEGETABLE FATS AND OILS AND THEIR CLEAVAGE PRODUCTS; PREPARED EDIBLE FATS; ANIMAL OR VEGETABLE WAXES","IMPORT","Total","Jan.-Dec. 2021","VALUE_IN_EUR",3456607
"Belgium (incl. Luxembourg 'LU' -> 1998)","Russian Federation (Russia)","ORES, SLAG AND ASH","IMPORT","Total","Jan.-Dec. 2021","VALUE_IN_EUR",32405578
"Belgium (incl. Luxembourg 'LU' -> 1998)","Russian Federation (Russia)","Total","IMPORT","Total","Jan.-Dec. 2021","VALUE_IN_EUR",7796228333
"Belgium (incl. Luxembourg 'LU' -> 1998)","Ukraine","Petroleum oils and oils obtained from bituminous minerals (excl. crude); preparations containing >= 70% by weight of petroleum oils or of oils obtained from bituminous minerals, these oils being the basic constituents of the preparations, n.e.s.; waste oils containing mainly petroleum or bituminous minerals","IMPORT","Total","Jan.-Dec. 2021","VALUE_IN_EUR",19938
"Belgium (incl. Luxembourg 'LU' -> 1998)","Ukraine","CEREALS","IMPORT","Total","Jan.-Dec. 2021","VALUE_IN_EUR",155388259
"Belgium (incl. Luxembourg 'LU' -> 1998)","Ukraine","OIL SEEDS AND OLEAGINOUS FRUITS; MISCELLANEOUS GRAINS, SEEDS AND FRUIT; INDUSTRIAL OR MEDICINAL PLANTS; STRAW AND FODDER","IMPORT","Total","Jan.-Dec. 2021","VALUE_IN_EUR",282239122
"Belgium (incl. Luxembourg 'LU' -> 1998)","Ukraine","IRON AND STEEL","IMPORT","Total","Jan.-Dec. 2021","VALUE_IN_EUR",58700275
"Belgium (incl. Luxembourg 'LU' -> 1998)","Ukraine","ANIMAL OR VEGETABLE FATS AND OILS AND THEIR CLEAVAGE PRODUCTS; PREPARED EDIBLE FATS; ANIMAL OR VEGETABLE WAXES","IMPORT","Total","Jan.-Dec. 2021","VALUE_IN_EUR",3506833
"Belgium (incl. Luxembourg 'LU' -> 1998)","Ukraine","ORES, SLAG AND ASH","IMPORT","Total","Jan.-Dec. 2021","VALUE_IN_EUR",19408924
"Belgium (incl. Luxembourg 'LU' -> 1998)","Ukraine","Total","IMPORT","Total","Jan.-Dec. 2021","VALUE_IN_EUR",678391396
"Bulgaria","Russian Federation (Russia)","Petroleum oils and oils obtained from bituminous minerals, crude","IMPORT","Total","Jan.-Dec. 2021","VALUE_IN_EUR",1048205515
"Bulgaria","Russian Federation (Russia)","Petroleum oils and oils obtained from bituminous minerals (excl. crude); preparations containing >= 70% by weight of petroleum oils or of oils obtained from bituminous minerals, these oils being the basic constituents of the preparations, n.e.s.; waste oils containing mainly petroleum or bituminous minerals","IMPORT","Total","Jan.-Dec. 2021","VALUE_IN_EUR",285802044
"Bulgaria","Russian Federation (Russia)","Petroleum gas and other gaseous hydrocarbons","IMPORT","Total","Jan.-Dec. 2021","VALUE_IN_EUR",1067678936
"Bulgaria","Russian Federation (Russia)","Coal; briquettes, ovoids and similar solid fuels manufactured from coal","IMPORT","Total","Jan.-Dec. 2021","VALUE_IN_EUR",84634448
"Bulgaria","Russian Federation (Russia)","CEREALS","IMPORT","Total","Jan.-Dec. 2021","VALUE_IN_EUR",346473
"Bulgaria","Russian Federation (Russia)","OIL SEEDS AND OLEAGINOUS FRUITS; MISCELLANEOUS GRAINS, SEEDS AND FRUIT; INDUSTRIAL OR MEDICINAL PLANTS; STRAW AND FODDER","IMPORT","Total","Jan.-Dec. 2021","VALUE_IN_EUR",1603077
"Bulgaria","Russian Federation (Russia)","IRON AND STEEL","IMPORT","Total","Jan.-Dec. 2021","VALUE_IN_EUR",20041635
"Bulgaria","Russian Federation (Russia)","ANIMAL OR VEGETABLE FATS AND OILS AND THEIR CLEAVAGE PRODUCTS; PREPARED EDIBLE FATS; ANIMAL OR VEGETABLE WAXES","IMPORT","Total","Jan.-Dec. 2021","VALUE_IN_EUR",38247
"Bulgaria","Russian Federation (Russia)","ORES, SLAG AND ASH","IMPORT","Total","Jan.-Dec. 2021","VALUE_IN_EUR",39893400
"Bulgaria","Russian Federation (Russia)","Total","IMPORT","Total","Jan.-Dec. 2021","VALUE_IN_EUR",2979761876
"Bulgaria","Ukraine","Petroleum oils and oils obtained from bituminous minerals (excl. crude); preparations containing >= 70% by weight of petroleum oils or of oils obtained from bituminous minerals, these oils being the basic constituents of the preparations, n.e.s.; waste oils containing mainly petroleum or bituminous minerals","IMPORT","Total","Jan.-Dec. 2021","VALUE_IN_EUR",619991
"Bulgaria","Ukraine","Petroleum gas and other gaseous hydrocarbons","IMPORT","Total","Jan.-Dec. 2021","VALUE_IN_EUR",4552474
"Bulgaria","Ukraine","Coal; briquettes, ovoids and similar solid fuels manufactured from coal","IMPORT","Total","Jan.-Dec. 2021","VALUE_IN_EUR",682667
"Bulgaria","Ukraine","CEREALS","IMPORT","Total","Jan.-Dec. 2021","VALUE_IN_EUR",1509444
"Bulgaria","Ukraine","OIL SEEDS AND OLEAGINOUS FRUITS; MISCELLANEOUS GRAINS, SEEDS AND FRUIT; INDUSTRIAL OR MEDICINAL PLANTS; STRAW AND FODDER","IMPORT","Total","Jan.-Dec. 2021","VALUE_IN_EUR",33939276
"Bulgaria","Ukraine","IRON AND STEEL","IMPORT","Total","Jan.-Dec. 2021","VALUE_IN_EUR",496112981
"Bulgaria","Ukraine","ANIMAL OR VEGETABLE FATS AND OILS AND THEIR CLEAVAGE PRODUCTS; PREPARED EDIBLE FATS; ANIMAL OR VEGETABLE WAXES","IMPORT","Total","Jan.-Dec. 2021","VALUE_IN_EUR",9753668
"Bulgaria","Ukraine","ORES, SLAG AND ASH","IMPORT","Total","Jan.-Dec. 2021","VALUE_IN_EUR",589625
"Bulgaria","Ukraine","Total","IMPORT","Total","Jan.-Dec. 2021","VALUE_IN_EUR",835721958
"Cyprus","Russian Federation (Russia)","Petroleum oils and oils obtained from bituminous minerals (excl. crude); preparations containing >= 70% by weight of petroleum oils or of oils obtained from bituminous minerals, these oils being the basic constituents of the preparations, n.e.s.; waste oils containing mainly petroleum or bituminous minerals","IMPORT","Total","Jan.-Dec. 2021","VALUE_IN_EUR",4553292
"Cyprus","Russian Federation (Russia)","Petroleum gas and other gaseous hydrocarbons","IMPORT","Total","Jan.-Dec. 2021","VALUE_IN_EUR",727720
"Cyprus","Russian Federation (Russia)","Coal; briquettes, ovoids and similar solid fuels manufactured from coal","IMPORT","Total","Jan.-Dec. 2021","VALUE_IN_EUR",6618828
"Cyprus","Russian Federation (Russia)","CEREALS","IMPORT","Total","Jan.-Dec. 2021","VALUE_IN_EUR",11570891
"Cyprus","Russian Federation (Russia)","OIL SEEDS AND OLEAGINOUS FRUITS; MISCELLANEOUS GRAINS, SEEDS AND FRUIT; INDUSTRIAL OR MEDICINAL PLANTS; STRAW AND FODDER","IMPORT","Total","Jan.-Dec. 2021","VALUE_IN_EUR",85
"Cyprus","Russian Federation (Russia)","IRON AND STEEL","IMPORT","Total","Jan.-Dec. 2021","VALUE_IN_EUR",2778377
"Cyprus","Russian Federation (Russia)","ANIMAL OR VEGETABLE FATS AND OILS AND THEIR CLEAVAGE PRODUCTS; PREPARED EDIBLE FATS; ANIMAL OR VEGETABLE WAXES","IMPORT","Total","Jan.-Dec. 2021","VALUE_IN_EUR",53
"Cyprus","Russian Federation (Russia)","Total","IMPORT","Total","Jan.-Dec. 2021","VALUE_IN_EUR",85963881
"Cyprus","Ukraine","Petroleum oils and oils obtained from bituminous minerals (excl. crude); preparations containing >= 70% by weight of petroleum oils or of oils obtained from bituminous minerals, these oils being the basic constituents of the preparations, n.e.s.; waste oils containing mainly petroleum or bituminous minerals","IMPORT","Total","Jan.-Dec. 2021","VALUE_IN_EUR",35378
"Cyprus","Ukraine","CEREALS","IMPORT","Total","Jan.-Dec. 2021","VALUE_IN_EUR",6849432
"Cyprus","Ukraine","IRON AND STEEL","IMPORT","Total","Jan.-Dec. 2021","VALUE_IN_EUR",4558699
"Cyprus","Ukraine","ANIMAL OR VEGETABLE FATS AND OILS AND THEIR CLEAVAGE PRODUCTS; PREPARED EDIBLE FATS; ANIMAL OR VEGETABLE WAXES","IMPORT","Total","Jan.-Dec. 2021","VALUE_IN_EUR",4674301
"Cyprus","Ukraine","Total","IMPORT","Total","Jan.-Dec. 2021","VALUE_IN_EUR",20899212
"Czechia","Russian Federation (Russia)","Petroleum oils and oils obtained from bituminous minerals, crude","IMPORT","Total","Jan.-Dec. 2021","VALUE_IN_EUR",1480107932
"Czechia","Russian Federation (Russia)","Petroleum oils and oils obtained from bituminous minerals (excl. crude); preparations containing >= 70% by weight of petroleum oils or of oils obtained from bituminous minerals, these oils being the basic constituents of the preparations, n.e.s.; waste oils containing mainly petroleum or bituminous minerals","IMPORT","Total","Jan.-Dec. 2021","VALUE_IN_EUR",66305
"Czechia","Russian Federation (Russia)","Petroleum gas and other gaseous hydrocarbons","IMPORT","Total","Jan.-Dec. 2021","VALUE_IN_EUR",437663899
"Czechia","Russian Federation (Russia)","Coal; briquettes, ovoids and similar solid fuels manufactured from coal","IMPORT","Total","Jan.-Dec. 2021","VALUE_IN_EUR",18475634
"Czechia","Russian Federation (Russia)","CEREALS","IMPORT","Total","Jan.-Dec. 2021","VALUE_IN_EUR",218252
"Czechia","Russian Federation (Russia)","OIL SEEDS AND OLEAGINOUS FRUITS; MISCELLANEOUS GRAINS, SEEDS AND FRUIT; INDUSTRIAL OR MEDICINAL PLANTS; STRAW AND FODDER","IMPORT","Total","Jan.-Dec. 2021","VALUE_IN_EUR",2547896
"Czechia","Russian Federation (Russia)","IRON AND STEEL","IMPORT","Total","Jan.-Dec. 2021","VALUE_IN_EUR",197962274
"Czechia","Russian Federation (Russia)","ANIMAL OR VEGETABLE FATS AND OILS AND THEIR CLEAVAGE PRODUCTS; PREPARED EDIBLE FATS; ANIMAL OR VEGETABLE WAXES","IMPORT","Total","Jan.-Dec. 2021","VALUE_IN_EUR",278789
"Czechia","Russian Federation (Russia)","ORES, SLAG AND ASH","IMPORT","Total","Jan.-Dec. 2021","VALUE_IN_EUR",117650707
"Czechia","Russian Federation (Russia)","Total","IMPORT","Total","Jan.-Dec. 2021","VALUE_IN_EUR",2979692641
"Czechia","Ukraine","Petroleum oils and oils obtained from bituminous minerals, crude","IMPORT","Total","Jan.-Dec. 2021","VALUE_IN_EUR",178
"Czechia","Ukraine","Petroleum oils and oils obtained from bituminous minerals (excl. crude); preparations containing >= 70% by weight of petroleum oils or of oils obtained from bituminous minerals, these oils being the basic constituents of the preparations, n.e.s.; waste oils containing mainly petroleum or bituminous minerals","IMPORT","Total","Jan.-Dec. 2021","VALUE_IN_EUR",2637
"Czechia","Ukraine","Petroleum gas and other gaseous hydrocarbons","IMPORT","Total","Jan.-Dec. 2021","VALUE_IN_EUR",6595342
"Czechia","Ukraine","CEREALS","IMPORT","Total","Jan.-Dec. 2021","VALUE_IN_EUR",840698
"Czechia","Ukraine","OIL SEEDS AND OLEAGINOUS FRUITS; MISCELLANEOUS GRAINS, SEEDS AND FRUIT; INDUSTRIAL OR MEDICINAL PLANTS; STRAW AND FODDER","IMPORT","Total","Jan.-Dec. 2021","VALUE_IN_EUR",1991395
"Czechia","Ukraine","IRON AND STEEL","IMPORT","Total","Jan.-Dec. 2021","VALUE_IN_EUR",77157188
"Czechia","Ukraine","ANIMAL OR VEGETABLE FATS AND OILS AND THEIR CLEAVAGE PRODUCTS; PREPARED EDIBLE FATS; ANIMAL OR VEGETABLE WAXES","IMPORT","Total","Jan.-Dec. 2021","VALUE_IN_EUR",6721159
"Czechia","Ukraine","ORES, SLAG AND ASH","IMPORT","Total","Jan.-Dec. 2021","VALUE_IN_EUR",770718626
"Czechia","Ukraine","Total","IMPORT","Total","Jan.-Dec. 2021","VALUE_IN_EUR",1286718984
"Germany (incl. German Democratic Republic 'DD' from 1991)","Russian Federation (Russia)","Petroleum oils and oils obtained from bituminous minerals, crude","IMPORT","Total","Jan.-Dec. 2021","VALUE_IN_EUR",9255146535
"Germany (incl. German Democratic Republic 'DD' from 1991)","Russian Federation (Russia)","Petroleum oils and oils obtained from bituminous minerals (excl. crude); preparations containing >= 70% by weight of petroleum oils or of oils obtained from bituminous minerals, these oils being the basic constituents of the preparations, n.e.s.; waste oils containing mainly petroleum or bituminous minerals","IMPORT","Total","Jan.-Dec. 2021","VALUE_IN_EUR",2572391171
"Germany (incl. German Democratic Republic 'DD' from 1991)","Russian Federation (Russia)","Petroleum gas and other gaseous hydrocarbons","IMPORT","Total","Jan.-Dec. 2021","VALUE_IN_EUR",56672560
"Germany (incl. German Democratic Republic 'DD' from 1991)","Russian Federation (Russia)","Coal; briquettes, ovoids and similar solid fuels manufactured from coal","IMPORT","Total","Jan.-Dec. 2021","VALUE_IN_EUR",987952584
"Germany (incl. German Democratic Republic 'DD' from 1991)","Russian Federation (Russia)","CEREALS","IMPORT","Total","Jan.-Dec. 2021","VALUE_IN_EUR",2441712
"Germany (incl. German Democratic Republic 'DD' from 1991)","Russian Federation (Russia)","OIL SEEDS AND OLEAGINOUS FRUITS; MISCELLANEOUS GRAINS, SEEDS AND FRUIT; INDUSTRIAL OR MEDICINAL PLANTS; STRAW AND FODDER","IMPORT","Total","Jan.-Dec. 2021","VALUE_IN_EUR",20999259
"Germany (incl. German Democratic Republic 'DD' from 1991)","Russian Federation (Russia)","IRON AND STEEL","IMPORT","Total","Jan.-Dec. 2021","VALUE_IN_EUR",483435651
"Germany (incl. German Democratic Republic 'DD' from 1991)","Russian Federation (Russia)","ANIMAL OR VEGETABLE FATS AND OILS AND THEIR CLEAVAGE PRODUCTS; PREPARED EDIBLE FATS; ANIMAL OR VEGETABLE WAXES","IMPORT","Total","Jan.-Dec. 2021","VALUE_IN_EUR",16784361
"Germany (incl. German Democratic Republic 'DD' from 1991)","Russian Federation (Russia)","ORES, SLAG AND ASH","IMPORT","Total","Jan.-Dec. 2021","VALUE_IN_EUR",417710356
"Germany (incl. German Democratic Republic 'DD' from 1991)","Russian Federation (Russia)","Total","IMPORT","Total","Jan.-Dec. 2021","VALUE_IN_EUR",28960912656
"Germany (incl. German Democratic Republic 'DD' from 1991)","Ukraine","Petroleum oils and oils obtained from bituminous minerals (excl. crude); preparations containing >= 70% by weight of petroleum oils or of oils obtained from bituminous minerals, these oils being the basic constituents of the preparations, n.e.s.; waste oils containing mainly petroleum or bituminous minerals","IMPORT","Total","Jan.-Dec. 2021","VALUE_IN_EUR",171248
"Germany (incl. German Democratic Republic 'DD' from 1991)","Ukraine","Petroleum gas and other gaseous hydrocarbons","IMPORT","Total","Jan.-Dec. 2021","VALUE_IN_EUR",865935
"Germany (incl. German Democratic Republic 'DD' from 1991)","Ukraine","CEREALS","IMPORT","Total","Jan.-Dec. 2021","VALUE_IN_EUR",41737165
"Germany (incl. German Democratic Republic 'DD' from 1991)","Ukraine","OIL SEEDS AND OLEAGINOUS FRUITS; MISCELLANEOUS GRAINS, SEEDS AND FRUIT; INDUSTRIAL OR MEDICINAL PLANTS; STRAW AND FODDER","IMPORT","Total","Jan.-Dec. 2021","VALUE_IN_EUR",220615485
"Germany (incl. German Democratic Republic 'DD' from 1991)","Ukraine","IRON AND STEEL","IMPORT","Total","Jan.-Dec. 2021","VALUE_IN_EUR",112076476
"Germany (incl. German Democratic Republic 'DD' from 1991)","Ukraine","ANIMAL OR VEGETABLE FATS AND OILS AND THEIR CLEAVAGE PRODUCTS; PREPARED EDIBLE FATS; ANIMAL OR VEGETABLE WAXES","IMPORT","Total","Jan.-Dec. 2021","VALUE_IN_EUR",13296588
"Germany (incl. German Democratic Republic 'DD' from 1991)","Ukraine","ORES, SLAG AND ASH","IMPORT","Total","Jan.-Dec. 2021","VALUE_IN_EUR",42804906
"Germany (incl. German Democratic Republic 'DD' from 1991)","Ukraine","Total","IMPORT","Total","Jan.-Dec. 2021","VALUE_IN_EUR",2118818729
"Denmark","Russian Federation (Russia)","Petroleum oils and oils obtained from bituminous minerals, crude","IMPORT","Total","Jan.-Dec. 2021","VALUE_IN_EUR",429762409
"Denmark","Russian Federation (Russia)","Petroleum oils and oils obtained from bituminous minerals (excl. crude); preparations containing >= 70% by weight of petroleum oils or of oils obtained from bituminous minerals, these oils being the basic constituents of the preparations, n.e.s.; waste oils containing mainly petroleum or bituminous minerals","IMPORT","Total","Jan.-Dec. 2021","VALUE_IN_EUR",300511010
"Denmark","Russian Federation (Russia)","Coal; briquettes, ovoids and similar solid fuels manufactured from coal","IMPORT","Total","Jan.-Dec. 2021","VALUE_IN_EUR",5533943
"Denmark","Russian Federation (Russia)","CEREALS","IMPORT","Total","Jan.-Dec. 2021","VALUE_IN_EUR",3387541
"Denmark","Russian Federation (Russia)","OIL SEEDS AND OLEAGINOUS FRUITS; MISCELLANEOUS GRAINS, SEEDS AND FRUIT; INDUSTRIAL OR MEDICINAL PLANTS; STRAW AND FODDER","IMPORT","Total","Jan.-Dec. 2021","VALUE_IN_EUR",20635
"Denmark","Russian Federation (Russia)","IRON AND STEEL","IMPORT","Total","Jan.-Dec. 2021","VALUE_IN_EUR",577951349
"Denmark","Russian Federation (Russia)","ANIMAL OR VEGETABLE FATS AND OILS AND THEIR CLEAVAGE PRODUCTS; PREPARED EDIBLE FATS; ANIMAL OR VEGETABLE WAXES","IMPORT","Total","Jan.-Dec. 2021","VALUE_IN_EUR",54959284
"Denmark","Russian Federation (Russia)","Total","IMPORT","Total","Jan.-Dec. 2021","VALUE_IN_EUR",1853315479
"Denmark","Ukraine","CEREALS","IMPORT","Total","Jan.-Dec. 2021","VALUE_IN_EUR",979898
"Denmark","Ukraine","OIL SEEDS AND OLEAGINOUS FRUITS; MISCELLANEOUS GRAINS, SEEDS AND FRUIT; INDUSTRIAL OR MEDICINAL PLANTS; STRAW AND FODDER","IMPORT","Total","Jan.-Dec. 2021","VALUE_IN_EUR",821196
"Denmark","Ukraine","IRON AND STEEL","IMPORT","Total","Jan.-Dec. 2021","VALUE_IN_EUR",5365721
"Denmark","Ukraine","ANIMAL OR VEGETABLE FATS AND OILS AND THEIR CLEAVAGE PRODUCTS; PREPARED EDIBLE FATS; ANIMAL OR VEGETABLE WAXES","IMPORT","Total","Jan.-Dec. 2021","VALUE_IN_EUR",85017
"Denmark","Ukraine","Total","IMPORT","Total","Jan.-Dec. 2021","VALUE_IN_EUR",202551455
"Estonia","Russian Federation (Russia)","Petroleum oils and oils obtained from bituminous minerals (excl. crude); preparations containing >= 70% by weight of petroleum oils or of oils obtained from bituminous minerals, these oils being the basic constituents of the preparations, n.e.s.; waste oils containing mainly petroleum or bituminous minerals","IMPORT","Total","Jan.-Dec. 2021","VALUE_IN_EUR",407277434
"Estonia","Russian Federation (Russia)","Petroleum gas and other gaseous hydrocarbons","IMPORT","Total","Jan.-Dec. 2021","VALUE_IN_EUR",68240138
"Estonia","Russian Federation (Russia)","Coal; briquettes, ovoids and similar solid fuels manufactured from coal","IMPORT","Total","Jan.-Dec. 2021","VALUE_IN_EUR",393556
"Estonia","Russian Federation (Russia)","CEREALS","IMPORT","Total","Jan.-Dec. 2021","VALUE_IN_EUR",159705
"Estonia","Russian Federation (Russia)","OIL SEEDS AND OLEAGINOUS FRUITS; MISCELLANEOUS GRAINS, SEEDS AND FRUIT; INDUSTRIAL OR MEDICINAL PLANTS; STRAW AND FODDER","IMPORT","Total","Jan.-Dec. 2021","VALUE_IN_EUR",1661771
"Estonia","Russian Federation (Russia)","IRON AND STEEL","IMPORT","Total","Jan.-Dec. 2021","VALUE_IN_EUR",111517890
"Estonia","Russian Federation (Russia)","ANIMAL OR VEGETABLE FATS AND OILS AND THEIR CLEAVAGE PRODUCTS; PREPARED EDIBLE FATS; ANIMAL OR VEGETABLE WAXES","IMPORT","Total","Jan.-Dec. 2021","VALUE_IN_EUR",4089540
"Estonia","Russian Federation (Russia)","ORES, SLAG AND ASH","IMPORT","Total","Jan.-Dec. 2021","VALUE_IN_EUR",1163732
"Estonia","Russian Federation (Russia)","Total","IMPORT","Total","Jan.-Dec. 2021","VALUE_IN_EUR",2109676657
"Estonia","Ukraine","Petroleum oils and oils obtained from bituminous minerals (excl. crude); preparations containing >= 70% by weight of petroleum oils or of oils obtained from bituminous minerals, these oils being the basic constituents of the preparations, n.e.s.; waste oils containing mainly petroleum or bituminous minerals","IMPORT","Total","Jan.-Dec. 2021","VALUE_IN_EUR",3815
"Estonia","Ukraine","CEREALS","IMPORT","Total","Jan.-Dec. 2021","VALUE_IN_EUR",259864
"Estonia","Ukraine","OIL SEEDS AND OLEAGINOUS FRUITS; MISCELLANEOUS GRAINS, SEEDS AND FRUIT; INDUSTRIAL OR MEDICINAL PLANTS; STRAW AND FODDER","IMPORT","Total","Jan.-Dec. 2021","VALUE_IN_EUR",4441669
"Estonia","Ukraine","IRON AND STEEL","IMPORT","Total","Jan.-Dec. 2021","VALUE_IN_EUR",20084188
"Estonia","Ukraine","ANIMAL OR VEGETABLE FATS AND OILS AND THEIR CLEAVAGE PRODUCTS; PREPARED EDIBLE FATS; ANIMAL OR VEGETABLE WAXES","IMPORT","Total","Jan.-Dec. 2021","VALUE_IN_EUR",5443708
"Estonia","Ukraine","ORES, SLAG AND ASH","IMPORT","Total","Jan.-Dec. 2021","VALUE_IN_EUR",447731
"Estonia","Ukraine","Total","IMPORT","Total","Jan.-Dec. 2021","VALUE_IN_EUR",112028793
"Spain (incl. Canary Islands 'XB' from 1997)","Russian Federation (Russia)","Petroleum oils and oils obtained from bituminous minerals, crude","IMPORT","Total","Jan.-Dec. 2021","VALUE_IN_EUR",1520536399
"Spain (incl. Canary Islands 'XB' from 1997)","Russian Federation (Russia)","Petroleum oils and oils obtained from bituminous minerals (excl. crude); preparations containing >= 70% by weight of petroleum oils or of oils obtained from bituminous minerals, these oils being the basic constituents of the preparations, n.e.s.; waste oils containing mainly petroleum or bituminous minerals","IMPORT","Total","Jan.-Dec. 2021","VALUE_IN_EUR",2106985396
"Spain (incl. Canary Islands 'XB' from 1997)","Russian Federation (Russia)","Petroleum gas and other gaseous hydrocarbons","IMPORT","Total","Jan.-Dec. 2021","VALUE_IN_EUR",1192183568
"Spain (incl. Canary Islands 'XB' from 1997)","Russian Federation (Russia)","Coal; briquettes, ovoids and similar solid fuels manufactured from coal","IMPORT","Total","Jan.-Dec. 2021","VALUE_IN_EUR",187877391
"Spain (incl. Canary Islands 'XB' from 1997)","Russian Federation (Russia)","CEREALS","IMPORT","Total","Jan.-Dec. 2021","VALUE_IN_EUR",36288726
"Spain (incl. Canary Islands 'XB' from 1997)","Russian Federation (Russia)","OIL SEEDS AND OLEAGINOUS FRUITS; MISCELLANEOUS GRAINS, SEEDS AND FRUIT; INDUSTRIAL OR MEDICINAL PLANTS; STRAW AND FODDER","IMPORT","Total","Jan.-Dec. 2021","VALUE_IN_EUR",2863583
"Spain (incl. Canary Islands 'XB' from 1997)","Russian Federation (Russia)","IRON AND STEEL","IMPORT","Total","Jan.-Dec. 2021","VALUE_IN_EUR",276656889
"Spain (incl. Canary Islands 'XB' from 1997)","Russian Federation (Russia)","ANIMAL OR VEGETABLE FATS AND OILS AND THEIR CLEAVAGE PRODUCTS; PREPARED EDIBLE FATS; ANIMAL OR VEGETABLE WAXES","IMPORT","Total","Jan.-Dec. 2021","VALUE_IN_EUR",3469280
"Spain (incl. Canary Islands 'XB' from 1997)","Russian Federation (Russia)","ORES, SLAG AND ASH","IMPORT","Total","Jan.-Dec. 2021","VALUE_IN_EUR",17370660
"Spain (incl. Canary Islands 'XB' from 1997)","Russian Federation (Russia)","Total","IMPORT","Total","Jan.-Dec. 2021","VALUE_IN_EUR",5974845768
"Spain (incl. Canary Islands 'XB' from 1997)","Ukraine","Petroleum oils and oils obtained from bituminous minerals, crude","IMPORT","Total","Jan.-Dec. 2021","VALUE_IN_EUR",198
"Spain (incl. Canary Islands 'XB' from 1997)","Ukraine","Petroleum oils and oils obtained from bituminous minerals (excl. crude); preparations containing >= 70% by weight of petroleum oils or of oils obtained from bituminous minerals, these oils being the basic constituents of the preparations, n.e.s.; waste oils containing mainly petroleum or bituminous minerals","IMPORT","Total","Jan.-Dec. 2021","VALUE_IN_EUR",38010
"Spain (incl. Canary Islands 'XB' from 1997)","Ukraine","CEREALS","IMPORT","Total","Jan.-Dec. 2021","VALUE_IN_EUR",545300528
"Spain (incl. Canary Islands 'XB' from 1997)","Ukraine","OIL SEEDS AND OLEAGINOUS FRUITS; MISCELLANEOUS GRAINS, SEEDS AND FRUIT; INDUSTRIAL OR MEDICINAL PLANTS; STRAW AND FODDER","IMPORT","Total","Jan.-Dec. 2021","VALUE_IN_EUR",5283992
"Spain (incl. Canary Islands 'XB' from 1997)","Ukraine","IRON AND STEEL","IMPORT","Total","Jan.-Dec. 2021","VALUE_IN_EUR",185305314
"Spain (incl. Canary Islands 'XB' from 1997)","Ukraine","ANIMAL OR VEGETABLE FATS AND OILS AND THEIR CLEAVAGE PRODUCTS; PREPARED EDIBLE FATS; ANIMAL OR VEGETABLE WAXES","IMPORT","Total","Jan.-Dec. 2021","VALUE_IN_EUR",423583963
"Spain (incl. Canary Islands 'XB' from 1997)","Ukraine","ORES, SLAG AND ASH","IMPORT","Total","Jan.-Dec. 2021","VALUE_IN_EUR",52131009
"Spain (incl. Canary Islands 'XB' from 1997)","Ukraine","Total","IMPORT","Total","Jan.-Dec. 2021","VALUE_IN_EUR",1528625020
"European Union - 27 countries (AT, BE, BG, CY, CZ, DE, DK, EE, ES, FI, FR, GR, HR, HU, IE, IT, LT, LU, LV, MT, NL, PL, PT, RO, SE, SI, SK)","Russian Federation (Russia)","Petroleum oils and oils obtained from bituminous minerals, crude","IMPORT","Total","Jan.-Dec. 2021","VALUE_IN_EUR",48157551179
"European Union - 27 countries (AT, BE, BG, CY, CZ, DE, DK, EE, ES, FI, FR, GR, HR, HU, IE, IT, LT, LU, LV, MT, NL, PL, PT, RO, SE, SI, SK)","Russian Federation (Russia)","Petroleum oils and oils obtained from bituminous minerals (excl. crude); preparations containing >= 70% by weight of petroleum oils or of oils obtained from bituminous minerals, these oils being the basic constituents of the preparations, n.e.s.; waste oils containing mainly petroleum or bituminous minerals","IMPORT","Total","Jan.-Dec. 2021","VALUE_IN_EUR",22562992663
"European Union - 27 countries (AT, BE, BG, CY, CZ, DE, DK, EE, ES, FI, FR, GR, HR, HU, IE, IT, LT, LU, LV, MT, NL, PL, PT, RO, SE, SI, SK)","Russian Federation (Russia)","Petroleum gas and other gaseous hydrocarbons","IMPORT","Total","Jan.-Dec. 2021","VALUE_IN_EUR",23826989135
"European Union - 27 countries (AT, BE, BG, CY, CZ, DE, DK, EE, ES, FI, FR, GR, HR, HU, IE, IT, LT, LU, LV, MT, NL, PL, PT, RO, SE, SI, SK)","Russian Federation (Russia)","Coal; briquettes, ovoids and similar solid fuels manufactured from coal","IMPORT","Total","Jan.-Dec. 2021","VALUE_IN_EUR",5322414937
"European Union - 27 countries (AT, BE, BG, CY, CZ, DE, DK, EE, ES, FI, FR, GR, HR, HU, IE, IT, LT, LU, LV, MT, NL, PL, PT, RO, SE, SI, SK)","Russian Federation (Russia)","CEREALS","IMPORT","Total","Jan.-Dec. 2021","VALUE_IN_EUR",291714384
"European Union - 27 countries (AT, BE, BG, CY, CZ, DE, DK, EE, ES, FI, FR, GR, HR, HU, IE, IT, LT, LU, LV, MT, NL, PL, PT, RO, SE, SI, SK)","Russian Federation (Russia)","OIL SEEDS AND OLEAGINOUS FRUITS; MISCELLANEOUS GRAINS, SEEDS AND FRUIT; INDUSTRIAL OR MEDICINAL PLANTS; STRAW AND FODDER","IMPORT","Total","Jan.-Dec. 2021","VALUE_IN_EUR",249229981
"European Union - 27 countries (AT, BE, BG, CY, CZ, DE, DK, EE, ES, FI, FR, GR, HR, HU, IE, IT, LT, LU, LV, MT, NL, PL, PT, RO, SE, SI, SK)","Russian Federation (Russia)","IRON AND STEEL","IMPORT","Total","Jan.-Dec. 2021","VALUE_IN_EUR",7396482051
"European Union - 27 countries (AT, BE, BG, CY, CZ, DE, DK, EE, ES, FI, FR, GR, HR, HU, IE, IT, LT, LU, LV, MT, NL, PL, PT, RO, SE, SI, SK)","Russian Federation (Russia)","ANIMAL OR VEGETABLE FATS AND OILS AND THEIR CLEAVAGE PRODUCTS; PREPARED EDIBLE FATS; ANIMAL OR VEGETABLE WAXES","IMPORT","Total","Jan.-Dec. 2021","VALUE_IN_EUR",249157041
"European Union - 27 countries (AT, BE, BG, CY, CZ, DE, DK, EE, ES, FI, FR, GR, HR, HU, IE, IT, LT, LU, LV, MT, NL, PL, PT, RO, SE, SI, SK)","Russian Federation (Russia)","ORES, SLAG AND ASH","IMPORT","Total","Jan.-Dec. 2021","VALUE_IN_EUR",2002526604
"European Union - 27 countries (AT, BE, BG, CY, CZ, DE, DK, EE, ES, FI, FR, GR, HR, HU, IE, IT, LT, LU, LV, MT, NL, PL, PT, RO, SE, SI, SK)","Russian Federation (Russia)","Total","IMPORT","Total","Jan.-Dec. 2021","VALUE_IN_EUR",163646411184
"European Union - 27 countries (AT, BE, BG, CY, CZ, DE, DK, EE, ES, FI, FR, GR, HR, HU, IE, IT, LT, LU, LV, MT, NL, PL, PT, RO, SE, SI, SK)","Ukraine","Petroleum oils and oils obtained from bituminous minerals, crude","IMPORT","Total","Jan.-Dec. 2021","VALUE_IN_EUR",37382871
"European Union - 27 countries (AT, BE, BG, CY, CZ, DE, DK, EE, ES, FI, FR, GR, HR, HU, IE, IT, LT, LU, LV, MT, NL, PL, PT, RO, SE, SI, SK)","Ukraine","Petroleum oils and oils obtained from bituminous minerals (excl. crude); preparations containing >= 70% by weight of petroleum oils or of oils obtained from bituminous minerals, these oils being the basic constituents of the preparations, n.e.s.; waste oils containing mainly petroleum or bituminous minerals","IMPORT","Total","Jan.-Dec. 2021","VALUE_IN_EUR",7957583
"European Union - 27 countries (AT, BE, BG, CY, CZ, DE, DK, EE, ES, FI, FR, GR, HR, HU, IE, IT, LT, LU, LV, MT, NL, PL, PT, RO, SE, SI, SK)","Ukraine","Petroleum gas and other gaseous hydrocarbons","IMPORT","Total","Jan.-Dec. 2021","VALUE_IN_EUR",659413696
"European Union - 27 countries (AT, BE, BG, CY, CZ, DE, DK, EE, ES, FI, FR, GR, HR, HU, IE, IT, LT, LU, LV, MT, NL, PL, PT, RO, SE, SI, SK)","Ukraine","Coal; briquettes, ovoids and similar solid fuels manufactured from coal","IMPORT","Total","Jan.-Dec. 2021","VALUE_IN_EUR",1357778
"European Union - 27 countries (AT, BE, BG, CY, CZ, DE, DK, EE, ES, FI, FR, GR, HR, HU, IE, IT, LT, LU, LV, MT, NL, PL, PT, RO, SE, SI, SK)","Ukraine","CEREALS","IMPORT","Total","Jan.-Dec. 2021","VALUE_IN_EUR",1749435893
"European Union - 27 countries (AT, BE, BG, CY, CZ, DE, DK, EE, ES, FI, FR, GR, HR, HU, IE, IT, LT, LU, LV, MT, NL, PL, PT, RO, SE, SI, SK)","Ukraine","OIL SEEDS AND OLEAGINOUS FRUITS; MISCELLANEOUS GRAINS, SEEDS AND FRUIT; INDUSTRIAL OR MEDICINAL PLANTS; STRAW AND FODDER","IMPORT","Total","Jan.-Dec. 2021","VALUE_IN_EUR",1365182658
"European Union - 27 countries (AT, BE, BG, CY, CZ, DE, DK, EE, ES, FI, FR, GR, HR, HU, IE, IT, LT, LU, LV, MT, NL, PL, PT, RO, SE, SI, SK)","Ukraine","IRON AND STEEL","IMPORT","Total","Jan.-Dec. 2021","VALUE_IN_EUR",5001734689
"European Union - 27 countries (AT, BE, BG, CY, CZ, DE, DK, EE, ES, FI, FR, GR, HR, HU, IE, IT, LT, LU, LV, MT, NL, PL, PT, RO, SE, SI, SK)","Ukraine","ANIMAL OR VEGETABLE FATS AND OILS AND THEIR CLEAVAGE PRODUCTS; PREPARED EDIBLE FATS; ANIMAL OR VEGETABLE WAXES","IMPORT","Total","Jan.-Dec. 2021","VALUE_IN_EUR",2072509598
"European Union - 27 countries (AT, BE, BG, CY, CZ, DE, DK, EE, ES, FI, FR, GR, HR, HU, IE, IT, LT, LU, LV, MT, NL, PL, PT, RO, SE, SI, SK)","Ukraine","ORES, SLAG AND ASH","IMPORT","Total","Jan.-Dec. 2021","VALUE_IN_EUR",2982738672
"European Union - 27 countries (AT, BE, BG, CY, CZ, DE, DK, EE, ES, FI, FR, GR, HR, HU, IE, IT, LT, LU, LV, MT, NL, PL, PT, RO, SE, SI, SK)","Ukraine","Total","IMPORT","Total","Jan.-Dec. 2021","VALUE_IN_EUR",24029882069
"Finland","Russian Federation (Russia)","Petroleum oils and oils obtained from bituminous minerals, crude","IMPORT","Total","Jan.-Dec. 2021","VALUE_IN_EUR",2882662405
"Finland","Russian Federation (Russia)","Petroleum oils and oils obtained from bituminous minerals (excl. crude); preparations containing >= 70% by weight of petroleum oils or of oils obtained from bituminous minerals, these oils being the basic constituents of the preparations, n.e.s.; waste oils containing mainly petroleum or bituminous minerals","IMPORT","Total","Jan.-Dec. 2021","VALUE_IN_EUR",628678416
"Finland","Russian Federation (Russia)","Petroleum gas and other gaseous hydrocarbons","IMPORT","Total","Jan.-Dec. 2021","VALUE_IN_EUR",97373010
"Finland","Russian Federation (Russia)","Coal; briquettes, ovoids and similar solid fuels manufactured from coal","IMPORT","Total","Jan.-Dec. 2021","VALUE_IN_EUR",124323911
"Finland","Russian Federation (Russia)","CEREALS","IMPORT","Total","Jan.-Dec. 2021","VALUE_IN_EUR",989582
"Finland","Russian Federation (Russia)","OIL SEEDS AND OLEAGINOUS FRUITS; MISCELLANEOUS GRAINS, SEEDS AND FRUIT; INDUSTRIAL OR MEDICINAL PLANTS; STRAW AND FODDER","IMPORT","Total","Jan.-Dec. 2021","VALUE_IN_EUR",243972
"Finland","Russian Federation (Russia)","IRON AND STEEL","IMPORT","Total","Jan.-Dec. 2021","VALUE_IN_EUR",101709962
"Finland","Russian Federation (Russia)","ANIMAL OR VEGETABLE FATS AND OILS AND THEIR CLEAVAGE PRODUCTS; PREPARED EDIBLE FATS; ANIMAL OR VEGETABLE WAXES","IMPORT","Total","Jan.-Dec. 2021","VALUE_IN_EUR",184
"Finland","Russian Federation (Russia)","ORES, SLAG AND ASH","IMPORT","Total","Jan.-Dec. 2021","VALUE_IN_EUR",206632737
"Finland","Russian Federation (Russia)","Total","IMPORT","Total","Jan.-Dec. 2021","VALUE_IN_EUR",8553141178
"Finland","Ukraine","Petroleum oils and oils obtained from bituminous minerals (excl. crude); preparations containing >= 70% by weight of petroleum oils or of oils obtained from bituminous minerals, these oils being the basic constituents of the preparations, n.e.s.; waste oils containing mainly petroleum or bituminous minerals","IMPORT","Total","Jan.-Dec. 2021","VALUE_IN_EUR",177840
"Finland","Ukraine","OIL SEEDS AND OLEAGINOUS FRUITS; MISCELLANEOUS GRAINS, SEEDS AND FRUIT; INDUSTRIAL OR MEDICINAL PLANTS; STRAW AND FODDER","IMPORT","Total","Jan.-Dec. 2021","VALUE_IN_EUR",295548
"Finland","Ukraine","IRON AND STEEL","IMPORT","Total","Jan.-Dec. 2021","VALUE_IN_EUR",11280917
"Finland","Ukraine","ANIMAL OR VEGETABLE FATS AND OILS AND THEIR CLEAVAGE PRODUCTS; PREPARED EDIBLE FATS; ANIMAL OR VEGETABLE WAXES","IMPORT","Total","Jan.-Dec. 2021","VALUE_IN_EUR",13764
"Finland","Ukraine","ORES, SLAG AND ASH","IMPORT","Total","Jan.-Dec. 2021","VALUE_IN_EUR",1
"Finland","Ukraine","Total","IMPORT","Total","Jan.-Dec. 2021","VALUE_IN_EUR",59287974
"France (incl. Saint Barthélemy 'BL' -> 2012; incl. French Guiana 'GF', Guadeloupe 'GP', Martinique 'MQ', Réunion 'RE' from 1997; incl. Mayotte 'YT' from 2014)","Russian Federation (Russia)","Petroleum oils and oils obtained from bituminous minerals, crude","IMPORT","Total","Jan.-Dec. 2021","VALUE_IN_EUR",1590398702
"France (incl. Saint Barthélemy 'BL' -> 2012; incl. French Guiana 'GF', Guadeloupe 'GP', Martinique 'MQ', Réunion 'RE' from 1997; incl. Mayotte 'YT' from 2014)","Russian Federation (Russia)","Petroleum oils and oils obtained from bituminous minerals (excl. crude); preparations containing >= 70% by weight of petroleum oils or of oils obtained from bituminous minerals, these oils being the basic constituents of the preparations, n.e.s.; waste oils containing mainly petroleum or bituminous minerals","IMPORT","Total","Jan.-Dec. 2021","VALUE_IN_EUR",4085750064
"France (incl. Saint Barthélemy 'BL' -> 2012; incl. French Guiana 'GF', Guadeloupe 'GP', Martinique 'MQ', Réunion 'RE' from 1997; incl. Mayotte 'YT' from 2014)","Russian Federation (Russia)","Petroleum gas and other gaseous hydrocarbons","IMPORT","Total","Jan.-Dec. 2021","VALUE_IN_EUR",1842233350
"France (incl. Saint Barthélemy 'BL' -> 2012; incl. French Guiana 'GF', Guadeloupe 'GP', Martinique 'MQ', Réunion 'RE' from 1997; incl. Mayotte 'YT' from 2014)","Russian Federation (Russia)","Coal; briquettes, ovoids and similar solid fuels manufactured from coal","IMPORT","Total","Jan.-Dec. 2021","VALUE_IN_EUR",310309081
"France (incl. Saint Barthélemy 'BL' -> 2012; incl. French Guiana 'GF', Guadeloupe 'GP', Martinique 'MQ', Réunion 'RE' from 1997; incl. Mayotte 'YT' from 2014)","Russian Federation (Russia)","CEREALS","IMPORT","Total","Jan.-Dec. 2021","VALUE_IN_EUR",1282757
"France (incl. Saint Barthélemy 'BL' -> 2012; incl. French Guiana 'GF', Guadeloupe 'GP', Martinique 'MQ', Réunion 'RE' from 1997; incl. Mayotte 'YT' from 2014)","Russian Federation (Russia)","OIL SEEDS AND OLEAGINOUS FRUITS; MISCELLANEOUS GRAINS, SEEDS AND FRUIT; INDUSTRIAL OR MEDICINAL PLANTS; STRAW AND FODDER","IMPORT","Total","Jan.-Dec. 2021","VALUE_IN_EUR",410802
"France (incl. Saint Barthélemy 'BL' -> 2012; incl. French Guiana 'GF', Guadeloupe 'GP', Martinique 'MQ', Réunion 'RE' from 1997; incl. Mayotte 'YT' from 2014)","Russian Federation (Russia)","IRON AND STEEL","IMPORT","Total","Jan.-Dec. 2021","VALUE_IN_EUR",138331993
"France (incl. Saint Barthélemy 'BL' -> 2012; incl. French Guiana 'GF', Guadeloupe 'GP', Martinique 'MQ', Réunion 'RE' from 1997; incl. Mayotte 'YT' from 2014)","Russian Federation (Russia)","ANIMAL OR VEGETABLE FATS AND OILS AND THEIR CLEAVAGE PRODUCTS; PREPARED EDIBLE FATS; ANIMAL OR VEGETABLE WAXES","IMPORT","Total","Jan.-Dec. 2021","VALUE_IN_EUR",4780
"France (incl. Saint Barthélemy 'BL' -> 2012; incl. French Guiana 'GF', Guadeloupe 'GP', Martinique 'MQ', Réunion 'RE' from 1997; incl. Mayotte 'YT' from 2014)","Russian Federation (Russia)","ORES, SLAG AND ASH","IMPORT","Total","Jan.-Dec. 2021","VALUE_IN_EUR",301631239
"France (incl. Saint Barthélemy 'BL' -> 2012; incl. French Guiana 'GF', Guadeloupe 'GP', Martinique 'MQ', Réunion 'RE' from 1997; incl. Mayotte 'YT' from 2014)","Russian Federation (Russia)","Total","IMPORT","Total","Jan.-Dec. 2021","VALUE_IN_EUR",9743391736
"France (incl. Saint Barthélemy 'BL' -> 2012; incl. French Guiana 'GF', Guadeloupe 'GP', Martinique 'MQ', Réunion 'RE' from 1997; incl. Mayotte 'YT' from 2014)","Ukraine","Petroleum oils and oils obtained from bituminous minerals, crude","IMPORT","Total","Jan.-Dec. 2021","VALUE_IN_EUR",1324
"France (incl. Saint Barthélemy 'BL' -> 2012; incl. French Guiana 'GF', Guadeloupe 'GP', Martinique 'MQ', Réunion 'RE' from 1997; incl. Mayotte 'YT' from 2014)","Ukraine","Petroleum oils and oils obtained from bituminous minerals (excl. crude); preparations containing >= 70% by weight of petroleum oils or of oils obtained from bituminous minerals, these oils being the basic constituents of the preparations, n.e.s.; waste oils containing mainly petroleum or bituminous minerals","IMPORT","Total","Jan.-Dec. 2021","VALUE_IN_EUR",38196
"France (incl. Saint Barthélemy 'BL' -> 2012; incl. French Guiana 'GF', Guadeloupe 'GP', Martinique 'MQ', Réunion 'RE' from 1997; incl. Mayotte 'YT' from 2014)","Ukraine","CEREALS","IMPORT","Total","Jan.-Dec. 2021","VALUE_IN_EUR",400629
"France (incl. Saint Barthélemy 'BL' -> 2012; incl. French Guiana 'GF', Guadeloupe 'GP', Martinique 'MQ', Réunion 'RE' from 1997; incl. Mayotte 'YT' from 2014)","Ukraine","OIL SEEDS AND OLEAGINOUS FRUITS; MISCELLANEOUS GRAINS, SEEDS AND FRUIT; INDUSTRIAL OR MEDICINAL PLANTS; STRAW AND FODDER","IMPORT","Total","Jan.-Dec. 2021","VALUE_IN_EUR",164013244
"France (incl. Saint Barthélemy 'BL' -> 2012; incl. French Guiana 'GF', Guadeloupe 'GP', Martinique 'MQ', Réunion 'RE' from 1997; incl. Mayotte 'YT' from 2014)","Ukraine","IRON AND STEEL","IMPORT","Total","Jan.-Dec. 2021","VALUE_IN_EUR",46123241
"France (incl. Saint Barthélemy 'BL' -> 2012; incl. French Guiana 'GF', Guadeloupe 'GP', Martinique 'MQ', Réunion 'RE' from 1997; incl. Mayotte 'YT' from 2014)","Ukraine","ANIMAL OR VEGETABLE FATS AND OILS AND THEIR CLEAVAGE PRODUCTS; PREPARED EDIBLE FATS; ANIMAL OR VEGETABLE WAXES","IMPORT","Total","Jan.-Dec. 2021","VALUE_IN_EUR",136459101
"France (incl. Saint Barthélemy 'BL' -> 2012; incl. French Guiana 'GF', Guadeloupe 'GP', Martinique 'MQ', Réunion 'RE' from 1997; incl. Mayotte 'YT' from 2014)","Ukraine","ORES, SLAG AND ASH","IMPORT","Total","Jan.-Dec. 2021","VALUE_IN_EUR",28957298
"France (incl. Saint Barthélemy 'BL' -> 2012; incl. French Guiana 'GF', Guadeloupe 'GP', Martinique 'MQ', Réunion 'RE' from 1997; incl. Mayotte 'YT' from 2014)","Ukraine","Total","IMPORT","Total","Jan.-Dec. 2021","VALUE_IN_EUR",728223549
"Greece","Russian Federation (Russia)","Petroleum oils and oils obtained from bituminous minerals, crude","IMPORT","Total","Jan.-Dec. 2021","VALUE_IN_EUR",755344596
"Greece","Russian Federation (Russia)","Petroleum oils and oils obtained from bituminous minerals (excl. crude); preparations containing >= 70% by weight of petroleum oils or of oils obtained from bituminous minerals, these oils being the basic constituents of the preparations, n.e.s.; waste oils containing mainly petroleum or bituminous minerals","IMPORT","Total","Jan.-Dec. 2021","VALUE_IN_EUR",1737511371
"Greece","Russian Federation (Russia)","Petroleum gas and other gaseous hydrocarbons","IMPORT","Total","Jan.-Dec. 2021","VALUE_IN_EUR",1137436042
"Greece","Russian Federation (Russia)","Coal; briquettes, ovoids and similar solid fuels manufactured from coal","IMPORT","Total","Jan.-Dec. 2021","VALUE_IN_EUR",23964800
"Greece","Russian Federation (Russia)","CEREALS","IMPORT","Total","Jan.-Dec. 2021","VALUE_IN_EUR",94078634
"Greece","Russian Federation (Russia)","OIL SEEDS AND OLEAGINOUS FRUITS; MISCELLANEOUS GRAINS, SEEDS AND FRUIT; INDUSTRIAL OR MEDICINAL PLANTS; STRAW AND FODDER","IMPORT","Total","Jan.-Dec. 2021","VALUE_IN_EUR",54780
"Greece","Russian Federation (Russia)","IRON AND STEEL","IMPORT","Total","Jan.-Dec. 2021","VALUE_IN_EUR",15009094
"Greece","Russian Federation (Russia)","ANIMAL OR VEGETABLE FATS AND OILS AND THEIR CLEAVAGE PRODUCTS; PREPARED EDIBLE FATS; ANIMAL OR VEGETABLE WAXES","IMPORT","Total","Jan.-Dec. 2021","VALUE_IN_EUR",1592
"Greece","Russian Federation (Russia)","Total","IMPORT","Total","Jan.-Dec. 2021","VALUE_IN_EUR",4302416609
"Greece","Ukraine","Petroleum oils and oils obtained from bituminous minerals (excl. crude); preparations containing >= 70% by weight of petroleum oils or of oils obtained from bituminous minerals, these oils being the basic constituents of the preparations, n.e.s.; waste oils containing mainly petroleum or bituminous minerals","IMPORT","Total","Jan.-Dec. 2021","VALUE_IN_EUR",4719486
"Greece","Ukraine","CEREALS","IMPORT","Total","Jan.-Dec. 2021","VALUE_IN_EUR",10936471
"Greece","Ukraine","OIL SEEDS AND OLEAGINOUS FRUITS; MISCELLANEOUS GRAINS, SEEDS AND FRUIT; INDUSTRIAL OR MEDICINAL PLANTS; STRAW AND FODDER","IMPORT","Total","Jan.-Dec. 2021","VALUE_IN_EUR",16591086
"Greece","Ukraine","IRON AND STEEL","IMPORT","Total","Jan.-Dec. 2021","VALUE_IN_EUR",88099084
"Greece","Ukraine","ANIMAL OR VEGETABLE FATS AND OILS AND THEIR CLEAVAGE PRODUCTS; PREPARED EDIBLE FATS; ANIMAL OR VEGETABLE WAXES","IMPORT","Total","Jan.-Dec. 2021","VALUE_IN_EUR",8191247
"Greece","Ukraine","ORES, SLAG AND ASH","IMPORT","Total","Jan.-Dec. 2021","VALUE_IN_EUR",864348
"Greece","Ukraine","Total","IMPORT","Total","Jan.-Dec. 2021","VALUE_IN_EUR",198368469
"Croatia","Russian Federation (Russia)","Petroleum oils and oils obtained from bituminous minerals, crude","IMPORT","Total","Jan.-Dec. 2021","VALUE_IN_EUR",26158460
"Croatia","Russian Federation (Russia)","Petroleum oils and oils obtained from bituminous minerals (excl. crude); preparations containing >= 70% by weight of petroleum oils or of oils obtained from bituminous minerals, these oils being the basic constituents of the preparations, n.e.s.; waste oils containing mainly petroleum or bituminous minerals","IMPORT","Total","Jan.-Dec. 2021","VALUE_IN_EUR",108890963
"Croatia","Russian Federation (Russia)","Petroleum gas and other gaseous hydrocarbons","IMPORT","Total","Jan.-Dec. 2021","VALUE_IN_EUR",74148840
"Croatia","Russian Federation (Russia)","Coal; briquettes, ovoids and similar solid fuels manufactured from coal","IMPORT","Total","Jan.-Dec. 2021","VALUE_IN_EUR",56650908
"Croatia","Russian Federation (Russia)","OIL SEEDS AND OLEAGINOUS FRUITS; MISCELLANEOUS GRAINS, SEEDS AND FRUIT; INDUSTRIAL OR MEDICINAL PLANTS; STRAW AND FODDER","IMPORT","Total","Jan.-Dec. 2021","VALUE_IN_EUR",9492
"Croatia","Russian Federation (Russia)","IRON AND STEEL","IMPORT","Total","Jan.-Dec. 2021","VALUE_IN_EUR",56762
"Croatia","Russian Federation (Russia)","Total","IMPORT","Total","Jan.-Dec. 2021","VALUE_IN_EUR",488836746
"Croatia","Ukraine","CEREALS","IMPORT","Total","Jan.-Dec. 2021","VALUE_IN_EUR",286513
"Croatia","Ukraine","OIL SEEDS AND OLEAGINOUS FRUITS; MISCELLANEOUS GRAINS, SEEDS AND FRUIT; INDUSTRIAL OR MEDICINAL PLANTS; STRAW AND FODDER","IMPORT","Total","Jan.-Dec. 2021","VALUE_IN_EUR",421794
"Croatia","Ukraine","IRON AND STEEL","IMPORT","Total","Jan.-Dec. 2021","VALUE_IN_EUR",655582
"Croatia","Ukraine","ANIMAL OR VEGETABLE FATS AND OILS AND THEIR CLEAVAGE PRODUCTS; PREPARED EDIBLE FATS; ANIMAL OR VEGETABLE WAXES","IMPORT","Total","Jan.-Dec. 2021","VALUE_IN_EUR",245183
"Croatia","Ukraine","Total","IMPORT","Total","Jan.-Dec. 2021","VALUE_IN_EUR",43949692
"Hungary","Russian Federation (Russia)","Petroleum oils and oils obtained from bituminous minerals, crude","IMPORT","Total","Jan.-Dec. 2021","VALUE_IN_EUR",1439823694
"Hungary","Russian Federation (Russia)","Petroleum oils and oils obtained from bituminous minerals (excl. crude); preparations containing >= 70% by weight of petroleum oils or of oils obtained from bituminous minerals, these oils being the basic constituents of the preparations, n.e.s.; waste oils containing mainly petroleum or bituminous minerals","IMPORT","Total","Jan.-Dec. 2021","VALUE_IN_EUR",17450634
"Hungary","Russian Federation (Russia)","Petroleum gas and other gaseous hydrocarbons","IMPORT","Total","Jan.-Dec. 2021","VALUE_IN_EUR",2244732238
"Hungary","Russian Federation (Russia)","Coal; briquettes, ovoids and similar solid fuels manufactured from coal","IMPORT","Total","Jan.-Dec. 2021","VALUE_IN_EUR",33365693
"Hungary","Russian Federation (Russia)","CEREALS","IMPORT","Total","Jan.-Dec. 2021","VALUE_IN_EUR",53166
"Hungary","Russian Federation (Russia)","OIL SEEDS AND OLEAGINOUS FRUITS; MISCELLANEOUS GRAINS, SEEDS AND FRUIT; INDUSTRIAL OR MEDICINAL PLANTS; STRAW AND FODDER","IMPORT","Total","Jan.-Dec. 2021","VALUE_IN_EUR",876480
"Hungary","Russian Federation (Russia)","IRON AND STEEL","IMPORT","Total","Jan.-Dec. 2021","VALUE_IN_EUR",13695189
"Hungary","Russian Federation (Russia)","ANIMAL OR VEGETABLE FATS AND OILS AND THEIR CLEAVAGE PRODUCTS; PREPARED EDIBLE FATS; ANIMAL OR VEGETABLE WAXES","IMPORT","Total","Jan.-Dec. 2021","VALUE_IN_EUR",61352
"Hungary","Russian Federation (Russia)","ORES, SLAG AND ASH","IMPORT","Total","Jan.-Dec. 2021","VALUE_IN_EUR",25149664
"Hungary","Russian Federation (Russia)","Total","IMPORT","Total","Jan.-Dec. 2021","VALUE_IN_EUR",4285574913
"Hungary","Ukraine","Petroleum oils and oils obtained from bituminous minerals (excl. crude); preparations containing >= 70% by weight of petroleum oils or of oils obtained from bituminous minerals, these oils being the basic constituents of the preparations, n.e.s.; waste oils containing mainly petroleum or bituminous minerals","IMPORT","Total","Jan.-Dec. 2021","VALUE_IN_EUR",77604
"Hungary","Ukraine","Petroleum gas and other gaseous hydrocarbons","IMPORT","Total","Jan.-Dec. 2021","VALUE_IN_EUR",602148593
"Hungary","Ukraine","Coal; briquettes, ovoids and similar solid fuels manufactured from coal","IMPORT","Total","Jan.-Dec. 2021","VALUE_IN_EUR",15768
"Hungary","Ukraine","CEREALS","IMPORT","Total","Jan.-Dec. 2021","VALUE_IN_EUR",6039526
"Hungary","Ukraine","OIL SEEDS AND OLEAGINOUS FRUITS; MISCELLANEOUS GRAINS, SEEDS AND FRUIT; INDUSTRIAL OR MEDICINAL PLANTS; STRAW AND FODDER","IMPORT","Total","Jan.-Dec. 2021","VALUE_IN_EUR",23769380
"Hungary","Ukraine","IRON AND STEEL","IMPORT","Total","Jan.-Dec. 2021","VALUE_IN_EUR",35608611
"Hungary","Ukraine","ANIMAL OR VEGETABLE FATS AND OILS AND THEIR CLEAVAGE PRODUCTS; PREPARED EDIBLE FATS; ANIMAL OR VEGETABLE WAXES","IMPORT","Total","Jan.-Dec. 2021","VALUE_IN_EUR",1871702
"Hungary","Ukraine","ORES, SLAG AND ASH","IMPORT","Total","Jan.-Dec. 2021","VALUE_IN_EUR",85864263
"Hungary","Ukraine","Total","IMPORT","Total","Jan.-Dec. 2021","VALUE_IN_EUR",1960361203
"Ireland (Eire)","Russian Federation (Russia)","Petroleum oils and oils obtained from bituminous minerals (excl. crude); preparations containing >= 70% by weight of petroleum oils or of oils obtained from bituminous minerals, these oils being the basic constituents of the preparations, n.e.s.; waste oils containing mainly petroleum or bituminous minerals","IMPORT","Total","Jan.-Dec. 2021","VALUE_IN_EUR",230519395
"Ireland (Eire)","Russian Federation (Russia)","Coal; briquettes, ovoids and similar solid fuels manufactured from coal","IMPORT","Total","Jan.-Dec. 2021","VALUE_IN_EUR",134825835
"Ireland (Eire)","Russian Federation (Russia)","CEREALS","IMPORT","Total","Jan.-Dec. 2021","VALUE_IN_EUR",218668
"Ireland (Eire)","Russian Federation (Russia)","OIL SEEDS AND OLEAGINOUS FRUITS; MISCELLANEOUS GRAINS, SEEDS AND FRUIT; INDUSTRIAL OR MEDICINAL PLANTS; STRAW AND FODDER","IMPORT","Total","Jan.-Dec. 2021","VALUE_IN_EUR",2959
"Ireland (Eire)","Russian Federation (Russia)","IRON AND STEEL","IMPORT","Total","Jan.-Dec. 2021","VALUE_IN_EUR",8498220
"Ireland (Eire)","Russian Federation (Russia)","ANIMAL OR VEGETABLE FATS AND OILS AND THEIR CLEAVAGE PRODUCTS; PREPARED EDIBLE FATS; ANIMAL OR VEGETABLE WAXES","IMPORT","Total","Jan.-Dec. 2021","VALUE_IN_EUR",305
"Ireland (Eire)","Russian Federation (Russia)","Total","IMPORT","Total","Jan.-Dec. 2021","VALUE_IN_EUR",580421698
"Ireland (Eire)","Ukraine","Coal; briquettes, ovoids and similar solid fuels manufactured from coal","IMPORT","Total","Jan.-Dec. 2021","VALUE_IN_EUR",5444
"Ireland (Eire)","Ukraine","CEREALS","IMPORT","Total","Jan.-Dec. 2021","VALUE_IN_EUR",36846107
"Ireland (Eire)","Ukraine","OIL SEEDS AND OLEAGINOUS FRUITS; MISCELLANEOUS GRAINS, SEEDS AND FRUIT; INDUSTRIAL OR MEDICINAL PLANTS; STRAW AND FODDER","IMPORT","Total","Jan.-Dec. 2021","VALUE_IN_EUR",18345
"Ireland (Eire)","Ukraine","IRON AND STEEL","IMPORT","Total","Jan.-Dec. 2021","VALUE_IN_EUR",11104763
"Ireland (Eire)","Ukraine","ANIMAL OR VEGETABLE FATS AND OILS AND THEIR CLEAVAGE PRODUCTS; PREPARED EDIBLE FATS; ANIMAL OR VEGETABLE WAXES","IMPORT","Total","Jan.-Dec. 2021","VALUE_IN_EUR",987
"Ireland (Eire)","Ukraine","Total","IMPORT","Total","Jan.-Dec. 2021","VALUE_IN_EUR",65823251
"Italy (incl. San Marino 'SM' -> 1993)","Russian Federation (Russia)","Petroleum oils and oils obtained from bituminous minerals, crude","IMPORT","Total","Jan.-Dec. 2021","VALUE_IN_EUR",2230115543
"Italy (incl. San Marino 'SM' -> 1993)","Russian Federation (Russia)","Petroleum oils and oils obtained from bituminous minerals (excl. crude); preparations containing >= 70% by weight of petroleum oils or of oils obtained from bituminous minerals, these oils being the basic constituents of the preparations, n.e.s.; waste oils containing mainly petroleum or bituminous minerals","IMPORT","Total","Jan.-Dec. 2021","VALUE_IN_EUR",1291527881
"Italy (incl. San Marino 'SM' -> 1993)","Russian Federation (Russia)","Petroleum gas and other gaseous hydrocarbons","IMPORT","Total","Jan.-Dec. 2021","VALUE_IN_EUR",10157761194
"Italy (incl. San Marino 'SM' -> 1993)","Russian Federation (Russia)","Coal; briquettes, ovoids and similar solid fuels manufactured from coal","IMPORT","Total","Jan.-Dec. 2021","VALUE_IN_EUR",674983833
"Italy (incl. San Marino 'SM' -> 1993)","Russian Federation (Russia)","CEREALS","IMPORT","Total","Jan.-Dec. 2021","VALUE_IN_EUR",80686043
"Italy (incl. San Marino 'SM' -> 1993)","Russian Federation (Russia)","OIL SEEDS AND OLEAGINOUS FRUITS; MISCELLANEOUS GRAINS, SEEDS AND FRUIT; INDUSTRIAL OR MEDICINAL PLANTS; STRAW AND FODDER","IMPORT","Total","Jan.-Dec. 2021","VALUE_IN_EUR",12077135
"Italy (incl. San Marino 'SM' -> 1993)","Russian Federation (Russia)","IRON AND STEEL","IMPORT","Total","Jan.-Dec. 2021","VALUE_IN_EUR",1337303119
"Italy (incl. San Marino 'SM' -> 1993)","Russian Federation (Russia)","ANIMAL OR VEGETABLE FATS AND OILS AND THEIR CLEAVAGE PRODUCTS; PREPARED EDIBLE FATS; ANIMAL OR VEGETABLE WAXES","IMPORT","Total","Jan.-Dec. 2021","VALUE_IN_EUR",3276
"Italy (incl. San Marino 'SM' -> 1993)","Russian Federation (Russia)","ORES, SLAG AND ASH","IMPORT","Total","Jan.-Dec. 2021","VALUE_IN_EUR",5026677
"Italy (incl. San Marino 'SM' -> 1993)","Russian Federation (Russia)","Total","IMPORT","Total","Jan.-Dec. 2021","VALUE_IN_EUR",18645326206
"Italy (incl. San Marino 'SM' -> 1993)","Ukraine","Petroleum oils and oils obtained from bituminous minerals (excl. crude); preparations containing >= 70% by weight of petroleum oils or of oils obtained from bituminous minerals, these oils being the basic constituents of the preparations, n.e.s.; waste oils containing mainly petroleum or bituminous minerals","IMPORT","Total","Jan.-Dec. 2021","VALUE_IN_EUR",28261
"Italy (incl. San Marino 'SM' -> 1993)","Ukraine","CEREALS","IMPORT","Total","Jan.-Dec. 2021","VALUE_IN_EUR",210764225
"Italy (incl. San Marino 'SM' -> 1993)","Ukraine","OIL SEEDS AND OLEAGINOUS FRUITS; MISCELLANEOUS GRAINS, SEEDS AND FRUIT; INDUSTRIAL OR MEDICINAL PLANTS; STRAW AND FODDER","IMPORT","Total","Jan.-Dec. 2021","VALUE_IN_EUR",62640916
"Italy (incl. San Marino 'SM' -> 1993)","Ukraine","IRON AND STEEL","IMPORT","Total","Jan.-Dec. 2021","VALUE_IN_EUR",1965258589
"Italy (incl. San Marino 'SM' -> 1993)","Ukraine","ANIMAL OR VEGETABLE FATS AND OILS AND THEIR CLEAVAGE PRODUCTS; PREPARED EDIBLE FATS; ANIMAL OR VEGETABLE WAXES","IMPORT","Total","Jan.-Dec. 2021","VALUE_IN_EUR",287698019
"Italy (incl. San Marino 'SM' -> 1993)","Ukraine","ORES, SLAG AND ASH","IMPORT","Total","Jan.-Dec. 2021","VALUE_IN_EUR",77956505
"Italy (incl. San Marino 'SM' -> 1993)","Ukraine","Total","IMPORT","Total","Jan.-Dec. 2021","VALUE_IN_EUR",3288307366
"Lithuania","Russian Federation (Russia)","Petroleum oils and oils obtained from bituminous minerals, crude","IMPORT","Total","Jan.-Dec. 2021","VALUE_IN_EUR",2318174829
"Lithuania","Russian Federation (Russia)","Petroleum oils and oils obtained from bituminous minerals (excl. crude); preparations containing >= 70% by weight of petroleum oils or of oils obtained from bituminous minerals, these oils being the basic constituents of the preparations, n.e.s.; waste oils containing mainly petroleum or bituminous minerals","IMPORT","Total","Jan.-Dec. 2021","VALUE_IN_EUR",255383320
"Lithuania","Russian Federation (Russia)","Petroleum gas and other gaseous hydrocarbons","IMPORT","Total","Jan.-Dec. 2021","VALUE_IN_EUR",309881958
"Lithuania","Russian Federation (Russia)","Coal; briquettes, ovoids and similar solid fuels manufactured from coal","IMPORT","Total","Jan.-Dec. 2021","VALUE_IN_EUR",20094785
"Lithuania","Russian Federation (Russia)","CEREALS","IMPORT","Total","Jan.-Dec. 2021","VALUE_IN_EUR",13238932
"Lithuania","Russian Federation (Russia)","OIL SEEDS AND OLEAGINOUS FRUITS; MISCELLANEOUS GRAINS, SEEDS AND FRUIT; INDUSTRIAL OR MEDICINAL PLANTS; STRAW AND FODDER","IMPORT","Total","Jan.-Dec. 2021","VALUE_IN_EUR",1826335
"Lithuania","Russian Federation (Russia)","IRON AND STEEL","IMPORT","Total","Jan.-Dec. 2021","VALUE_IN_EUR",249402955
"Lithuania","Russian Federation (Russia)","ANIMAL OR VEGETABLE FATS AND OILS AND THEIR CLEAVAGE PRODUCTS; PREPARED EDIBLE FATS; ANIMAL OR VEGETABLE WAXES","IMPORT","Total","Jan.-Dec. 2021","VALUE_IN_EUR",73486061
"Lithuania","Russian Federation (Russia)","ORES, SLAG AND ASH","IMPORT","Total","Jan.-Dec. 2021","VALUE_IN_EUR",13183
"Lithuania","Russian Federation (Russia)","Total","IMPORT","Total","Jan.-Dec. 2021","VALUE_IN_EUR",4513639739
"Lithuania","Ukraine","Petroleum oils and oils obtained from bituminous minerals (excl. crude); preparations containing >= 70% by weight of petroleum oils or of oils obtained from bituminous minerals, these oils being the basic constituents of the preparations, n.e.s.; waste oils containing mainly petroleum or bituminous minerals","IMPORT","Total","Jan.-Dec. 2021","VALUE_IN_EUR",591042
"Lithuania","Ukraine","CEREALS","IMPORT","Total","Jan.-Dec. 2021","VALUE_IN_EUR",8535171
"Lithuania","Ukraine","OIL SEEDS AND OLEAGINOUS FRUITS; MISCELLANEOUS GRAINS, SEEDS AND FRUIT; INDUSTRIAL OR MEDICINAL PLANTS; STRAW AND FODDER","IMPORT","Total","Jan.-Dec. 2021","VALUE_IN_EUR",2986444
"Lithuania","Ukraine","IRON AND STEEL","IMPORT","Total","Jan.-Dec. 2021","VALUE_IN_EUR",54562447
"Lithuania","Ukraine","ANIMAL OR VEGETABLE FATS AND OILS AND THEIR CLEAVAGE PRODUCTS; PREPARED EDIBLE FATS; ANIMAL OR VEGETABLE WAXES","IMPORT","Total","Jan.-Dec. 2021","VALUE_IN_EUR",30570186
"Lithuania","Ukraine","ORES, SLAG AND ASH","IMPORT","Total","Jan.-Dec. 2021","VALUE_IN_EUR",3090141
"Lithuania","Ukraine","Total","IMPORT","Total","Jan.-Dec. 2021","VALUE_IN_EUR",444864002
"Luxembourg","Russian Federation (Russia)","Petroleum oils and oils obtained from bituminous minerals (excl. crude); preparations containing >= 70% by weight of petroleum oils or of oils obtained from bituminous minerals, these oils being the basic constituents of the preparations, n.e.s.; waste oils containing mainly petroleum or bituminous minerals","IMPORT","Total","Jan.-Dec. 2021","VALUE_IN_EUR",2155
"Luxembourg","Russian Federation (Russia)","Coal; briquettes, ovoids and similar solid fuels manufactured from coal","IMPORT","Total","Jan.-Dec. 2021","VALUE_IN_EUR",8
"Luxembourg","Russian Federation (Russia)","OIL SEEDS AND OLEAGINOUS FRUITS; MISCELLANEOUS GRAINS, SEEDS AND FRUIT; INDUSTRIAL OR MEDICINAL PLANTS; STRAW AND FODDER","IMPORT","Total","Jan.-Dec. 2021","VALUE_IN_EUR",875
"Luxembourg","Russian Federation (Russia)","IRON AND STEEL","IMPORT","Total","Jan.-Dec. 2021","VALUE_IN_EUR",133101
"Luxembourg","Russian Federation (Russia)","ORES, SLAG AND ASH","IMPORT","Total","Jan.-Dec. 2021","VALUE_IN_EUR",858
"Luxembourg","Russian Federation (Russia)","Total","IMPORT","Total","Jan.-Dec. 2021","VALUE_IN_EUR",16318934
"Luxembourg","Ukraine","IRON AND STEEL","IMPORT","Total","Jan.-Dec. 2021","VALUE_IN_EUR",6851752
"Luxembourg","Ukraine","ORES, SLAG AND ASH","IMPORT","Total","Jan.-Dec. 2021","VALUE_IN_EUR",4
"Luxembourg","Ukraine","Total","IMPORT","Total","Jan.-Dec. 2021","VALUE_IN_EUR",12999686
"Latvia","Russian Federation (Russia)","Petroleum oils and oils obtained from bituminous minerals (excl. crude); preparations containing >= 70% by weight of petroleum oils or of oils obtained from bituminous minerals, these oils being the basic constituents of the preparations, n.e.s.; waste oils containing mainly petroleum or bituminous minerals","IMPORT","Total","Jan.-Dec. 2021","VALUE_IN_EUR",94104616
"Latvia","Russian Federation (Russia)","Petroleum gas and other gaseous hydrocarbons","IMPORT","Total","Jan.-Dec. 2021","VALUE_IN_EUR",623848589
"Latvia","Russian Federation (Russia)","Coal; briquettes, ovoids and similar solid fuels manufactured from coal","IMPORT","Total","Jan.-Dec. 2021","VALUE_IN_EUR",998614
"Latvia","Russian Federation (Russia)","CEREALS","IMPORT","Total","Jan.-Dec. 2021","VALUE_IN_EUR",27857036
"Latvia","Russian Federation (Russia)","OIL SEEDS AND OLEAGINOUS FRUITS; MISCELLANEOUS GRAINS, SEEDS AND FRUIT; INDUSTRIAL OR MEDICINAL PLANTS; STRAW AND FODDER","IMPORT","Total","Jan.-Dec. 2021","VALUE_IN_EUR",5436881
"Latvia","Russian Federation (Russia)","IRON AND STEEL","IMPORT","Total","Jan.-Dec. 2021","VALUE_IN_EUR",459013302
"Latvia","Russian Federation (Russia)","ANIMAL OR VEGETABLE FATS AND OILS AND THEIR CLEAVAGE PRODUCTS; PREPARED EDIBLE FATS; ANIMAL OR VEGETABLE WAXES","IMPORT","Total","Jan.-Dec. 2021","VALUE_IN_EUR",41895193
"Latvia","Russian Federation (Russia)","ORES, SLAG AND ASH","IMPORT","Total","Jan.-Dec. 2021","VALUE_IN_EUR",76862
"Latvia","Russian Federation (Russia)","Total","IMPORT","Total","Jan.-Dec. 2021","VALUE_IN_EUR",1982452852
"Latvia","Ukraine","Petroleum oils and oils obtained from bituminous minerals (excl. crude); preparations containing >= 70% by weight of petroleum oils or of oils obtained from bituminous minerals, these oils being the basic constituents of the preparations, n.e.s.; waste oils containing mainly petroleum or bituminous minerals","IMPORT","Total","Jan.-Dec. 2021","VALUE_IN_EUR",225578
"Latvia","Ukraine","Coal; briquettes, ovoids and similar solid fuels manufactured from coal","IMPORT","Total","Jan.-Dec. 2021","VALUE_IN_EUR",81
"Latvia","Ukraine","CEREALS","IMPORT","Total","Jan.-Dec. 2021","VALUE_IN_EUR",1963529
"Latvia","Ukraine","OIL SEEDS AND OLEAGINOUS FRUITS; MISCELLANEOUS GRAINS, SEEDS AND FRUIT; INDUSTRIAL OR MEDICINAL PLANTS; STRAW AND FODDER","IMPORT","Total","Jan.-Dec. 2021","VALUE_IN_EUR",2693401
"Latvia","Ukraine","IRON AND STEEL","IMPORT","Total","Jan.-Dec. 2021","VALUE_IN_EUR",40650340
"Latvia","Ukraine","ANIMAL OR VEGETABLE FATS AND OILS AND THEIR CLEAVAGE PRODUCTS; PREPARED EDIBLE FATS; ANIMAL OR VEGETABLE WAXES","IMPORT","Total","Jan.-Dec. 2021","VALUE_IN_EUR",4261348
"Latvia","Ukraine","ORES, SLAG AND ASH","IMPORT","Total","Jan.-Dec. 2021","VALUE_IN_EUR",584768
"Latvia","Ukraine","Total","IMPORT","Total","Jan.-Dec. 2021","VALUE_IN_EUR",227107075
"Malta","Russian Federation (Russia)","Petroleum oils and oils obtained from bituminous minerals (excl. crude); preparations containing >= 70% by weight of petroleum oils or of oils obtained from bituminous minerals, these oils being the basic constituents of the preparations, n.e.s.; waste oils containing mainly petroleum or bituminous minerals","IMPORT","Total","Jan.-Dec. 2021","VALUE_IN_EUR",356439
"Malta","Russian Federation (Russia)","CEREALS","IMPORT","Total","Jan.-Dec. 2021","VALUE_IN_EUR",744811
"Malta","Russian Federation (Russia)","OIL SEEDS AND OLEAGINOUS FRUITS; MISCELLANEOUS GRAINS, SEEDS AND FRUIT; INDUSTRIAL OR MEDICINAL PLANTS; STRAW AND FODDER","IMPORT","Total","Jan.-Dec. 2021","VALUE_IN_EUR",60
"Malta","Russian Federation (Russia)","IRON AND STEEL","IMPORT","Total","Jan.-Dec. 2021","VALUE_IN_EUR",2379
"Malta","Russian Federation (Russia)","Total","IMPORT","Total","Jan.-Dec. 2021","VALUE_IN_EUR",5878821
"Malta","Ukraine","Petroleum oils and oils obtained from bituminous minerals (excl. crude); preparations containing >= 70% by weight of petroleum oils or of oils obtained from bituminous minerals, these oils being the basic constituents of the preparations, n.e.s.; waste oils containing mainly petroleum or bituminous minerals","IMPORT","Total","Jan.-Dec. 2021","VALUE_IN_EUR",41190
"Malta","Ukraine","CEREALS","IMPORT","Total","Jan.-Dec. 2021","VALUE_IN_EUR",708
"Malta","Ukraine","IRON AND STEEL","IMPORT","Total","Jan.-Dec. 2021","VALUE_IN_EUR",177
"Malta","Ukraine","ANIMAL OR VEGETABLE FATS AND OILS AND THEIR CLEAVAGE PRODUCTS; PREPARED EDIBLE FATS; ANIMAL OR VEGETABLE WAXES","IMPORT","Total","Jan.-Dec. 2021","VALUE_IN_EUR",1335138
"Malta","Ukraine","Total","IMPORT","Total","Jan.-Dec. 2021","VALUE_IN_EUR",5713001
"Netherlands","Russian Federation (Russia)","Petroleum oils and oils obtained from bituminous minerals, crude","IMPORT","Total","Jan.-Dec. 2021","VALUE_IN_EUR",13820733751
"Netherlands","Russian Federation (Russia)","Petroleum oils and oils obtained from bituminous minerals (excl. crude); preparations containing >= 70% by weight of petroleum oils or of oils obtained from bituminous minerals, these oils being the basic constituents of the preparations, n.e.s.; waste oils containing mainly petroleum or bituminous minerals","IMPORT","Total","Jan.-Dec. 2021","VALUE_IN_EUR",2347207712
"Netherlands","Russian Federation (Russia)","Petroleum gas and other gaseous hydrocarbons","IMPORT","Total","Jan.-Dec. 2021","VALUE_IN_EUR",1409799285
"Netherlands","Russian Federation (Russia)","Coal; briquettes, ovoids and similar solid fuels manufactured from coal","IMPORT","Total","Jan.-Dec. 2021","VALUE_IN_EUR",1496604746
"Netherlands","Russian Federation (Russia)","CEREALS","IMPORT","Total","Jan.-Dec. 2021","VALUE_IN_EUR",4529723
"Netherlands","Russian Federation (Russia)","OIL SEEDS AND OLEAGINOUS FRUITS; MISCELLANEOUS GRAINS, SEEDS AND FRUIT; INDUSTRIAL OR MEDICINAL PLANTS; STRAW AND FODDER","IMPORT","Total","Jan.-Dec. 2021","VALUE_IN_EUR",23385738
"Netherlands","Russian Federation (Russia)","IRON AND STEEL","IMPORT","Total","Jan.-Dec. 2021","VALUE_IN_EUR",594010197
"Netherlands","Russian Federation (Russia)","ANIMAL OR VEGETABLE FATS AND OILS AND THEIR CLEAVAGE PRODUCTS; PREPARED EDIBLE FATS; ANIMAL OR VEGETABLE WAXES","IMPORT","Total","Jan.-Dec. 2021","VALUE_IN_EUR",22738498
"Netherlands","Russian Federation (Russia)","ORES, SLAG AND ASH","IMPORT","Total","Jan.-Dec. 2021","VALUE_IN_EUR",264445426
"Netherlands","Russian Federation (Russia)","Total","IMPORT","Total","Jan.-Dec. 2021","VALUE_IN_EUR",26504461314
"Netherlands","Ukraine","Petroleum oils and oils obtained from bituminous minerals, crude","IMPORT","Total","Jan.-Dec. 2021","VALUE_IN_EUR",1
"Netherlands","Ukraine","Petroleum oils and oils obtained from bituminous minerals (excl. crude); preparations containing >= 70% by weight of petroleum oils or of oils obtained from bituminous minerals, these oils being the basic constituents of the preparations, n.e.s.; waste oils containing mainly petroleum or bituminous minerals","IMPORT","Total","Jan.-Dec. 2021","VALUE_IN_EUR",1012
"Netherlands","Ukraine","Coal; briquettes, ovoids and similar solid fuels manufactured from coal","IMPORT","Total","Jan.-Dec. 2021","VALUE_IN_EUR",1354
"Netherlands","Ukraine","CEREALS","IMPORT","Total","Jan.-Dec. 2021","VALUE_IN_EUR",548395294
"Netherlands","Ukraine","OIL SEEDS AND OLEAGINOUS FRUITS; MISCELLANEOUS GRAINS, SEEDS AND FRUIT; INDUSTRIAL OR MEDICINAL PLANTS; STRAW AND FODDER","IMPORT","Total","Jan.-Dec. 2021","VALUE_IN_EUR",430442513
"Netherlands","Ukraine","IRON AND STEEL","IMPORT","Total","Jan.-Dec. 2021","VALUE_IN_EUR",173327585
"Netherlands","Ukraine","ANIMAL OR VEGETABLE FATS AND OILS AND THEIR CLEAVAGE PRODUCTS; PREPARED EDIBLE FATS; ANIMAL OR VEGETABLE WAXES","IMPORT","Total","Jan.-Dec. 2021","VALUE_IN_EUR",693935114
"Netherlands","Ukraine","ORES, SLAG AND ASH","IMPORT","Total","Jan.-Dec. 2021","VALUE_IN_EUR",230049387
"Netherlands","Ukraine","Total","IMPORT","Total","Jan.-Dec. 2021","VALUE_IN_EUR",2449941420
"Poland","Russian Federation (Russia)","Petroleum oils and oils obtained from bituminous minerals, crude","IMPORT","Total","Jan.-Dec. 2021","VALUE_IN_EUR",5556746406
"Poland","Russian Federation (Russia)","Petroleum oils and oils obtained from bituminous minerals (excl. crude); preparations containing >= 70% by weight of petroleum oils or of oils obtained from bituminous minerals, these oils being the basic constituents of the preparations, n.e.s.; waste oils containing mainly petroleum or bituminous minerals","IMPORT","Total","Jan.-Dec. 2021","VALUE_IN_EUR",1942685336
"Poland","Russian Federation (Russia)","Petroleum gas and other gaseous hydrocarbons","IMPORT","Total","Jan.-Dec. 2021","VALUE_IN_EUR",631013298
"Poland","Russian Federation (Russia)","Coal; briquettes, ovoids and similar solid fuels manufactured from coal","IMPORT","Total","Jan.-Dec. 2021","VALUE_IN_EUR",657382606
"Poland","Russian Federation (Russia)","CEREALS","IMPORT","Total","Jan.-Dec. 2021","VALUE_IN_EUR",4901408
"Poland","Russian Federation (Russia)","OIL SEEDS AND OLEAGINOUS FRUITS; MISCELLANEOUS GRAINS, SEEDS AND FRUIT; INDUSTRIAL OR MEDICINAL PLANTS; STRAW AND FODDER","IMPORT","Total","Jan.-Dec. 2021","VALUE_IN_EUR",37187524
"Poland","Russian Federation (Russia)","IRON AND STEEL","IMPORT","Total","Jan.-Dec. 2021","VALUE_IN_EUR",980549016
"Poland","Russian Federation (Russia)","ANIMAL OR VEGETABLE FATS AND OILS AND THEIR CLEAVAGE PRODUCTS; PREPARED EDIBLE FATS; ANIMAL OR VEGETABLE WAXES","IMPORT","Total","Jan.-Dec. 2021","VALUE_IN_EUR",26591046
"Poland","Russian Federation (Russia)","ORES, SLAG AND ASH","IMPORT","Total","Jan.-Dec. 2021","VALUE_IN_EUR",41727910
"Poland","Russian Federation (Russia)","Total","IMPORT","Total","Jan.-Dec. 2021","VALUE_IN_EUR",16709267871
"Poland","Ukraine","Petroleum oils and oils obtained from bituminous minerals (excl. crude); preparations containing >= 70% by weight of petroleum oils or of oils obtained from bituminous minerals, these oils being the basic constituents of the preparations, n.e.s.; waste oils containing mainly petroleum or bituminous minerals","IMPORT","Total","Jan.-Dec. 2021","VALUE_IN_EUR",1683
"Poland","Ukraine","Petroleum gas and other gaseous hydrocarbons","IMPORT","Total","Jan.-Dec. 2021","VALUE_IN_EUR",0
"Poland","Ukraine","CEREALS","IMPORT","Total","Jan.-Dec. 2021","VALUE_IN_EUR",14682282
"Poland","Ukraine","OIL SEEDS AND OLEAGINOUS FRUITS; MISCELLANEOUS GRAINS, SEEDS AND FRUIT; INDUSTRIAL OR MEDICINAL PLANTS; STRAW AND FODDER","IMPORT","Total","Jan.-Dec. 2021","VALUE_IN_EUR",57884095
"Poland","Ukraine","IRON AND STEEL","IMPORT","Total","Jan.-Dec. 2021","VALUE_IN_EUR",1224038358
"Poland","Ukraine","ANIMAL OR VEGETABLE FATS AND OILS AND THEIR CLEAVAGE PRODUCTS; PREPARED EDIBLE FATS; ANIMAL OR VEGETABLE WAXES","IMPORT","Total","Jan.-Dec. 2021","VALUE_IN_EUR",370838661
"Poland","Ukraine","ORES, SLAG AND ASH","IMPORT","Total","Jan.-Dec. 2021","VALUE_IN_EUR",492945355
"Poland","Ukraine","Total","IMPORT","Total","Jan.-Dec. 2021","VALUE_IN_EUR",4182581180
"Portugal","Russian Federation (Russia)","Petroleum oils and oils obtained from bituminous minerals (excl. crude); preparations containing >= 70% by weight of petroleum oils or of oils obtained from bituminous minerals, these oils being the basic constituents of the preparations, n.e.s.; waste oils containing mainly petroleum or bituminous minerals","IMPORT","Total","Jan.-Dec. 2021","VALUE_IN_EUR",347767783
"Portugal","Russian Federation (Russia)","Petroleum gas and other gaseous hydrocarbons","IMPORT","Total","Jan.-Dec. 2021","VALUE_IN_EUR",237532575
"Portugal","Russian Federation (Russia)","CEREALS","IMPORT","Total","Jan.-Dec. 2021","VALUE_IN_EUR",4104285
"Portugal","Russian Federation (Russia)","OIL SEEDS AND OLEAGINOUS FRUITS; MISCELLANEOUS GRAINS, SEEDS AND FRUIT; INDUSTRIAL OR MEDICINAL PLANTS; STRAW AND FODDER","IMPORT","Total","Jan.-Dec. 2021","VALUE_IN_EUR",63072
"Portugal","Russian Federation (Russia)","IRON AND STEEL","IMPORT","Total","Jan.-Dec. 2021","VALUE_IN_EUR",107997146
"Portugal","Russian Federation (Russia)","ANIMAL OR VEGETABLE FATS AND OILS AND THEIR CLEAVAGE PRODUCTS; PREPARED EDIBLE FATS; ANIMAL OR VEGETABLE WAXES","IMPORT","Total","Jan.-Dec. 2021","VALUE_IN_EUR",138092
"Portugal","Russian Federation (Russia)","Total","IMPORT","Total","Jan.-Dec. 2021","VALUE_IN_EUR",1067874334
"Portugal","Ukraine","Petroleum oils and oils obtained from bituminous minerals (excl. crude); preparations containing >= 70% by weight of petroleum oils or of oils obtained from bituminous minerals, these oils being the basic constituents of the preparations, n.e.s.; waste oils containing mainly petroleum or bituminous minerals","IMPORT","Total","Jan.-Dec. 2021","VALUE_IN_EUR",33668
"Portugal","Ukraine","CEREALS","IMPORT","Total","Jan.-Dec. 2021","VALUE_IN_EUR",152050079
"Portugal","Ukraine","OIL SEEDS AND OLEAGINOUS FRUITS; MISCELLANEOUS GRAINS, SEEDS AND FRUIT; INDUSTRIAL OR MEDICINAL PLANTS; STRAW AND FODDER","IMPORT","Total","Jan.-Dec. 2021","VALUE_IN_EUR",26166266
"Portugal","Ukraine","IRON AND STEEL","IMPORT","Total","Jan.-Dec. 2021","VALUE_IN_EUR",52874346
"Portugal","Ukraine","ANIMAL OR VEGETABLE FATS AND OILS AND THEIR CLEAVAGE PRODUCTS; PREPARED EDIBLE FATS; ANIMAL OR VEGETABLE WAXES","IMPORT","Total","Jan.-Dec. 2021","VALUE_IN_EUR",32994898
"Portugal","Ukraine","Total","IMPORT","Total","Jan.-Dec. 2021","VALUE_IN_EUR",296560870
"Romania","Russian Federation (Russia)","Petroleum oils and oils obtained from bituminous minerals, crude","IMPORT","Total","Jan.-Dec. 2021","VALUE_IN_EUR",751213344
"Romania","Russian Federation (Russia)","Petroleum oils and oils obtained from bituminous minerals (excl. crude); preparations containing >= 70% by weight of petroleum oils or of oils obtained from bituminous minerals, these oils being the basic constituents of the preparations, n.e.s.; waste oils containing mainly petroleum or bituminous minerals","IMPORT","Total","Jan.-Dec. 2021","VALUE_IN_EUR",968504861
"Romania","Russian Federation (Russia)","Petroleum gas and other gaseous hydrocarbons","IMPORT","Total","Jan.-Dec. 2021","VALUE_IN_EUR",437029927
"Romania","Russian Federation (Russia)","Coal; briquettes, ovoids and similar solid fuels manufactured from coal","IMPORT","Total","Jan.-Dec. 2021","VALUE_IN_EUR",72783535
"Romania","Russian Federation (Russia)","CEREALS","IMPORT","Total","Jan.-Dec. 2021","VALUE_IN_EUR",16474
"Romania","Russian Federation (Russia)","OIL SEEDS AND OLEAGINOUS FRUITS; MISCELLANEOUS GRAINS, SEEDS AND FRUIT; INDUSTRIAL OR MEDICINAL PLANTS; STRAW AND FODDER","IMPORT","Total","Jan.-Dec. 2021","VALUE_IN_EUR",5766174
"Romania","Russian Federation (Russia)","IRON AND STEEL","IMPORT","Total","Jan.-Dec. 2021","VALUE_IN_EUR",133448513
"Romania","Russian Federation (Russia)","ANIMAL OR VEGETABLE FATS AND OILS AND THEIR CLEAVAGE PRODUCTS; PREPARED EDIBLE FATS; ANIMAL OR VEGETABLE WAXES","IMPORT","Total","Jan.-Dec. 2021","VALUE_IN_EUR",182073
"Romania","Russian Federation (Russia)","ORES, SLAG AND ASH","IMPORT","Total","Jan.-Dec. 2021","VALUE_IN_EUR",64656561
"Romania","Russian Federation (Russia)","Total","IMPORT","Total","Jan.-Dec. 2021","VALUE_IN_EUR",3156546959
"Romania","Ukraine","Petroleum oils and oils obtained from bituminous minerals, crude","IMPORT","Total","Jan.-Dec. 2021","VALUE_IN_EUR",37381170
"Romania","Ukraine","Petroleum oils and oils obtained from bituminous minerals (excl. crude); preparations containing >= 70% by weight of petroleum oils or of oils obtained from bituminous minerals, these oils being the basic constituents of the preparations, n.e.s.; waste oils containing mainly petroleum or bituminous minerals","IMPORT","Total","Jan.-Dec. 2021","VALUE_IN_EUR",947716
"Romania","Ukraine","CEREALS","IMPORT","Total","Jan.-Dec. 2021","VALUE_IN_EUR",1760791
"Romania","Ukraine","OIL SEEDS AND OLEAGINOUS FRUITS; MISCELLANEOUS GRAINS, SEEDS AND FRUIT; INDUSTRIAL OR MEDICINAL PLANTS; STRAW AND FODDER","IMPORT","Total","Jan.-Dec. 2021","VALUE_IN_EUR",4183853
"Romania","Ukraine","IRON AND STEEL","IMPORT","Total","Jan.-Dec. 2021","VALUE_IN_EUR",218128874
"Romania","Ukraine","ANIMAL OR VEGETABLE FATS AND OILS AND THEIR CLEAVAGE PRODUCTS; PREPARED EDIBLE FATS; ANIMAL OR VEGETABLE WAXES","IMPORT","Total","Jan.-Dec. 2021","VALUE_IN_EUR",12753363
"Romania","Ukraine","ORES, SLAG AND ASH","IMPORT","Total","Jan.-Dec. 2021","VALUE_IN_EUR",195100473
"Romania","Ukraine","Total","IMPORT","Total","Jan.-Dec. 2021","VALUE_IN_EUR",1322467638
"Sweden","Russian Federation (Russia)","Petroleum oils and oils obtained from bituminous minerals, crude","IMPORT","Total","Jan.-Dec. 2021","VALUE_IN_EUR",683813086
"Sweden","Russian Federation (Russia)","Petroleum oils and oils obtained from bituminous minerals (excl. crude); preparations containing >= 70% by weight of petroleum oils or of oils obtained from bituminous minerals, these oils being the basic constituents of the preparations, n.e.s.; waste oils containing mainly petroleum or bituminous minerals","IMPORT","Total","Jan.-Dec. 2021","VALUE_IN_EUR",200904441
"Sweden","Russian Federation (Russia)","Petroleum gas and other gaseous hydrocarbons","IMPORT","Total","Jan.-Dec. 2021","VALUE_IN_EUR",86879058
"Sweden","Russian Federation (Russia)","Coal; briquettes, ovoids and similar solid fuels manufactured from coal","IMPORT","Total","Jan.-Dec. 2021","VALUE_IN_EUR",78286003
"Sweden","Russian Federation (Russia)","CEREALS","IMPORT","Total","Jan.-Dec. 2021","VALUE_IN_EUR",253911
"Sweden","Russian Federation (Russia)","OIL SEEDS AND OLEAGINOUS FRUITS; MISCELLANEOUS GRAINS, SEEDS AND FRUIT; INDUSTRIAL OR MEDICINAL PLANTS; STRAW AND FODDER","IMPORT","Total","Jan.-Dec. 2021","VALUE_IN_EUR",5565
"Sweden","Russian Federation (Russia)","IRON AND STEEL","IMPORT","Total","Jan.-Dec. 2021","VALUE_IN_EUR",80312142
"Sweden","Russian Federation (Russia)","ANIMAL OR VEGETABLE FATS AND OILS AND THEIR CLEAVAGE PRODUCTS; PREPARED EDIBLE FATS; ANIMAL OR VEGETABLE WAXES","IMPORT","Total","Jan.-Dec. 2021","VALUE_IN_EUR",1086
"Sweden","Russian Federation (Russia)","ORES, SLAG AND ASH","IMPORT","Total","Jan.-Dec. 2021","VALUE_IN_EUR",1576655
"Sweden","Russian Federation (Russia)","Total","IMPORT","Total","Jan.-Dec. 2021","VALUE_IN_EUR",2028206235
"Sweden","Ukraine","Petroleum oils and oils obtained from bituminous minerals (excl. crude); preparations containing >= 70% by weight of petroleum oils or of oils obtained from bituminous minerals, these oils being the basic constituents of the preparations, n.e.s.; waste oils containing mainly petroleum or bituminous minerals","IMPORT","Total","Jan.-Dec. 2021","VALUE_IN_EUR",74297
"Sweden","Ukraine","CEREALS","IMPORT","Total","Jan.-Dec. 2021","VALUE_IN_EUR",15920
"Sweden","Ukraine","OIL SEEDS AND OLEAGINOUS FRUITS; MISCELLANEOUS GRAINS, SEEDS AND FRUIT; INDUSTRIAL OR MEDICINAL PLANTS; STRAW AND FODDER","IMPORT","Total","Jan.-Dec. 2021","VALUE_IN_EUR",142372
"Sweden","Ukraine","IRON AND STEEL","IMPORT","Total","Jan.-Dec. 2021","VALUE_IN_EUR",6000873
"Sweden","Ukraine","ANIMAL OR VEGETABLE FATS AND OILS AND THEIR CLEAVAGE PRODUCTS; PREPARED EDIBLE FATS; ANIMAL OR VEGETABLE WAXES","IMPORT","Total","Jan.-Dec. 2021","VALUE_IN_EUR",1679377
"Sweden","Ukraine","ORES, SLAG AND ASH","IMPORT","Total","Jan.-Dec. 2021","VALUE_IN_EUR",426789
"Sweden","Ukraine","Total","IMPORT","Total","Jan.-Dec. 2021","VALUE_IN_EUR",92336606
"Slovenia","Russian Federation (Russia)","Petroleum oils and oils obtained from bituminous minerals (excl. crude); preparations containing >= 70% by weight of petroleum oils or of oils obtained from bituminous minerals, these oils being the basic constituents of the preparations, n.e.s.; waste oils containing mainly petroleum or bituminous minerals","IMPORT","Total","Jan.-Dec. 2021","VALUE_IN_EUR",143699485
"Slovenia","Russian Federation (Russia)","Petroleum gas and other gaseous hydrocarbons","IMPORT","Total","Jan.-Dec. 2021","VALUE_IN_EUR",134200645
"Slovenia","Russian Federation (Russia)","Coal; briquettes, ovoids and similar solid fuels manufactured from coal","IMPORT","Total","Jan.-Dec. 2021","VALUE_IN_EUR",2647
"Slovenia","Russian Federation (Russia)","OIL SEEDS AND OLEAGINOUS FRUITS; MISCELLANEOUS GRAINS, SEEDS AND FRUIT; INDUSTRIAL OR MEDICINAL PLANTS; STRAW AND FODDER","IMPORT","Total","Jan.-Dec. 2021","VALUE_IN_EUR",86734
"Slovenia","Russian Federation (Russia)","IRON AND STEEL","IMPORT","Total","Jan.-Dec. 2021","VALUE_IN_EUR",22172063
"Slovenia","Russian Federation (Russia)","ANIMAL OR VEGETABLE FATS AND OILS AND THEIR CLEAVAGE PRODUCTS; PREPARED EDIBLE FATS; ANIMAL OR VEGETABLE WAXES","IMPORT","Total","Jan.-Dec. 2021","VALUE_IN_EUR",13417
"Slovenia","Russian Federation (Russia)","ORES, SLAG AND ASH","IMPORT","Total","Jan.-Dec. 2021","VALUE_IN_EUR",242
"Slovenia","Russian Federation (Russia)","Total","IMPORT","Total","Jan.-Dec. 2021","VALUE_IN_EUR",415410426
"Slovenia","Ukraine","CEREALS","IMPORT","Total","Jan.-Dec. 2021","VALUE_IN_EUR",2163427
"Slovenia","Ukraine","OIL SEEDS AND OLEAGINOUS FRUITS; MISCELLANEOUS GRAINS, SEEDS AND FRUIT; INDUSTRIAL OR MEDICINAL PLANTS; STRAW AND FODDER","IMPORT","Total","Jan.-Dec. 2021","VALUE_IN_EUR",8356645
"Slovenia","Ukraine","IRON AND STEEL","IMPORT","Total","Jan.-Dec. 2021","VALUE_IN_EUR",14320050
"Slovenia","Ukraine","ANIMAL OR VEGETABLE FATS AND OILS AND THEIR CLEAVAGE PRODUCTS; PREPARED EDIBLE FATS; ANIMAL OR VEGETABLE WAXES","IMPORT","Total","Jan.-Dec. 2021","VALUE_IN_EUR",27744
"Slovenia","Ukraine","Total","IMPORT","Total","Jan.-Dec. 2021","VALUE_IN_EUR",124551737
"Slovakia","Russian Federation (Russia)","Petroleum oils and oils obtained from bituminous minerals, crude","IMPORT","Total","Jan.-Dec. 2021","VALUE_IN_EUR",2108653937
"Slovakia","Russian Federation (Russia)","Petroleum oils and oils obtained from bituminous minerals (excl. crude); preparations containing >= 70% by weight of petroleum oils or of oils obtained from bituminous minerals, these oils being the basic constituents of the preparations, n.e.s.; waste oils containing mainly petroleum or bituminous minerals","IMPORT","Total","Jan.-Dec. 2021","VALUE_IN_EUR",642965
"Slovakia","Russian Federation (Russia)","Petroleum gas and other gaseous hydrocarbons","IMPORT","Total","Jan.-Dec. 2021","VALUE_IN_EUR",1312670941
"Slovakia","Russian Federation (Russia)","Coal; briquettes, ovoids and similar solid fuels manufactured from coal","IMPORT","Total","Jan.-Dec. 2021","VALUE_IN_EUR",87015360
"Slovakia","Russian Federation (Russia)","CEREALS","IMPORT","Total","Jan.-Dec. 2021","VALUE_IN_EUR",4
"Slovakia","Russian Federation (Russia)","OIL SEEDS AND OLEAGINOUS FRUITS; MISCELLANEOUS GRAINS, SEEDS AND FRUIT; INDUSTRIAL OR MEDICINAL PLANTS; STRAW AND FODDER","IMPORT","Total","Jan.-Dec. 2021","VALUE_IN_EUR",123375
"Slovakia","Russian Federation (Russia)","IRON AND STEEL","IMPORT","Total","Jan.-Dec. 2021","VALUE_IN_EUR",45061532
"Slovakia","Russian Federation (Russia)","ANIMAL OR VEGETABLE FATS AND OILS AND THEIR CLEAVAGE PRODUCTS; PREPARED EDIBLE FATS; ANIMAL OR VEGETABLE WAXES","IMPORT","Total","Jan.-Dec. 2021","VALUE_IN_EUR",102895
"Slovakia","Russian Federation (Russia)","ORES, SLAG AND ASH","IMPORT","Total","Jan.-Dec. 2021","VALUE_IN_EUR",369736354
"Slovakia","Russian Federation (Russia)","Total","IMPORT","Total","Jan.-Dec. 2021","VALUE_IN_EUR",4214583161
"Slovakia","Ukraine","Petroleum oils and oils obtained from bituminous minerals (excl. crude); preparations containing >= 70% by weight of petroleum oils or of oils obtained from bituminous minerals, these oils being the basic constituents of the preparations, n.e.s.; waste oils containing mainly petroleum or bituminous minerals","IMPORT","Total","Jan.-Dec. 2021","VALUE_IN_EUR",3917
"Slovakia","Ukraine","Petroleum gas and other gaseous hydrocarbons","IMPORT","Total","Jan.-Dec. 2021","VALUE_IN_EUR",45251352
"Slovakia","Ukraine","Coal; briquettes, ovoids and similar solid fuels manufactured from coal","IMPORT","Total","Jan.-Dec. 2021","VALUE_IN_EUR",652440
"Slovakia","Ukraine","CEREALS","IMPORT","Total","Jan.-Dec. 2021","VALUE_IN_EUR",137498
"Slovakia","Ukraine","OIL SEEDS AND OLEAGINOUS FRUITS; MISCELLANEOUS GRAINS, SEEDS AND FRUIT; INDUSTRIAL OR MEDICINAL PLANTS; STRAW AND FODDER","IMPORT","Total","Jan.-Dec. 2021","VALUE_IN_EUR",2020643
"Slovakia","Ukraine","IRON AND STEEL","IMPORT","Total","Jan.-Dec. 2021","VALUE_IN_EUR",82167210
"Slovakia","Ukraine","ANIMAL OR VEGETABLE FATS AND OILS AND THEIR CLEAVAGE PRODUCTS; PREPARED EDIBLE FATS; ANIMAL OR VEGETABLE WAXES","IMPORT","Total","Jan.-Dec. 2021","VALUE_IN_EUR",14055379
"Slovakia","Ukraine","ORES, SLAG AND ASH","IMPORT","Total","Jan.-Dec. 2021","VALUE_IN_EUR",430725020
"Slovakia","Ukraine","Total","IMPORT","Total","Jan.-Dec. 2021","VALUE_IN_EUR",869114766
