,year,month,source_name,target_name,value
12,2019,1,Germany,Russia,1517.0
31,2019,1,Italy,Russia,815.0
0,2019,1,UAE,Russia,601.0
58,2019,1,Turkey,Russia,494.0
19,2019,1,France,Russia,445.0
11,2019,1,Czech Republic,Russia,369.0
39,2019,1,Latvia,Russia,324.0
20,2019,1,United Kingdom,Russia,311.0
8,2019,1,Switzerland,Russia,308.0
2,2019,1,Austria,Russia,285.0
17,2019,1,Spain,Russia,240.0
44,2019,1,Netherlands,Russia,224.0
34,2019,1,Kazakhstan,Russia,203.0
21,2019,1,Georgia,Russia,191.0
18,2019,1,Finland,Russia,155.0
53,2019,1,Sweden,Russia,140.0
25,2019,1,Hungary,Russia,136.0
47,2019,1,Poland,Russia,127.0
4,2019,1,Belgium,Russia,123.0
5,2019,1,Bulgaria,Russia,110.0
28,2019,1,Israel,Russia,93.0
16,2019,1,Estonia,Russia,89.0
37,2019,1,Lithuania,Russia,78.0
13,2019,1,Denmark,Russia,62.0
22,2019,1,Greece,Russia,61.0
45,2019,1,Norway,Russia,59.0
48,2019,1,Portugal,Russia,56.0
50,2019,1,Romania,Russia,49.0
10,2019,1,Cyprus,Russia,48.0
62,2019,1,Uzbekistan,Russia,34.0
55,2019,1,Slovenia,Russia,29.0
24,2019,1,Croatia,Russia,27.0
27,2019,1,Ireland,Russia,22.0
56,2019,1,Slovakia,Russia,21.0
30,2019,1,Iceland,Russia,3.0
42,2019,1,Malta,Russia,3.0
7,2019,1,Belarus,Russia,2.0
38,2019,1,Luxembourg,Russia,1.0
41,2019,1,North Macedonia,Russia,1.0
77,2019,2,Germany,Russia,1354.0
95,2019,2,Italy,Russia,605.0
124,2019,2,Turkey,Russia,451.0
84,2019,2,France,Russia,426.0
64,2019,2,UAE,Russia,400.0
85,2019,2,United Kingdom,Russia,302.0
82,2019,2,Spain,Russia,298.0
76,2019,2,Czech Republic,Russia,282.0
103,2019,2,Latvia,Russia,272.0
73,2019,2,Switzerland,Russia,268.0
66,2019,2,Austria,Russia,217.0
108,2019,2,Netherlands,Russia,206.0
86,2019,2,Georgia,Russia,144.0
83,2019,2,Finland,Russia,141.0
92,2019,2,Israel,Russia,130.0
90,2019,2,Hungary,Russia,128.0
117,2019,2,Sweden,Russia,115.0
111,2019,2,Poland,Russia,110.0
68,2019,2,Belgium,Russia,96.0
81,2019,2,Estonia,Russia,83.0
98,2019,2,Kazakhstan,Russia,75.0
69,2019,2,Bulgaria,Russia,63.0
101,2019,2,Lithuania,Russia,54.0
78,2019,2,Denmark,Russia,51.0
114,2019,2,Romania,Russia,48.0
112,2019,2,Portugal,Russia,46.0
109,2019,2,Norway,Russia,41.0
75,2019,2,Cyprus,Russia,35.0
87,2019,2,Greece,Russia,30.0
119,2019,2,Slovenia,Russia,30.0
91,2019,2,Ireland,Russia,27.0
89,2019,2,Croatia,Russia,24.0
128,2019,2,Uzbekistan,Russia,21.0
120,2019,2,Slovakia,Russia,18.0
102,2019,2,Luxembourg,Russia,5.0
71,2019,2,Belarus,Russia,4.0
106,2019,2,Malta,Russia,4.0
94,2019,2,Iceland,Russia,2.0
105,2019,2,North Macedonia,Russia,2.0
145,2019,3,Germany,Russia,1528.0
163,2019,3,Italy,Russia,699.0
152,2019,3,France,Russia,507.0
190,2019,3,Turkey,Russia,480.0
130,2019,3,UAE,Russia,463.0
150,2019,3,Spain,Russia,343.0
153,2019,3,United Kingdom,Russia,336.0
171,2019,3,Latvia,Russia,332.0
144,2019,3,Czech Republic,Russia,325.0
141,2019,3,Switzerland,Russia,307.0
133,2019,3,Austria,Russia,246.0
176,2019,3,Netherlands,Russia,240.0
166,2019,3,Kazakhstan,Russia,199.0
151,2019,3,Finland,Russia,176.0
158,2019,3,Hungary,Russia,150.0
185,2019,3,Sweden,Russia,145.0
137,2019,3,Belgium,Russia,134.0
179,2019,3,Poland,Russia,121.0
149,2019,3,Estonia,Russia,78.0
160,2019,3,Israel,Russia,61.0
180,2019,3,Portugal,Russia,61.0
146,2019,3,Denmark,Russia,57.0
177,2019,3,Norway,Russia,49.0
182,2019,3,Romania,Russia,46.0
194,2019,3,Uzbekistan,Russia,43.0
138,2019,3,Bulgaria,Russia,42.0
155,2019,3,Greece,Russia,39.0
154,2019,3,Georgia,Russia,37.0
143,2019,3,Cyprus,Russia,32.0
159,2019,3,Ireland,Russia,32.0
157,2019,3,Croatia,Russia,31.0
187,2019,3,Slovenia,Russia,30.0
169,2019,3,Lithuania,Russia,24.0
188,2019,3,Slovakia,Russia,21.0
192,2019,3,Ukraine,Russia,4.0
142,2019,3,China,Russia,3.0
170,2019,3,Luxembourg,Russia,3.0
135,2019,3,Azerbaijan,Russia,2.0
162,2019,3,Iceland,Russia,2.0
140,2019,3,Belarus,Russia,1.0
173,2019,3,North Macedonia,Russia,1.0
175,2019,3,Malta,Russia,1.0
207,2019,4,Germany,Russia,1568.0
224,2019,4,Italy,Russia,759.0
213,2019,4,France,Russia,521.0
196,2019,4,UAE,Russia,470.0
211,2019,4,Spain,Russia,406.0
231,2019,4,Latvia,Russia,402.0
206,2019,4,Czech Republic,Russia,377.0
214,2019,4,United Kingdom,Russia,351.0
203,2019,4,Switzerland,Russia,279.0
235,2019,4,Netherlands,Russia,273.0
198,2019,4,Austria,Russia,270.0
227,2019,4,Kazakhstan,Russia,220.0
219,2019,4,Hungary,Russia,194.0
212,2019,4,Finland,Russia,193.0
242,2019,4,Sweden,Russia,158.0
247,2019,4,Turkey,Russia,152.0
199,2019,4,Belgium,Russia,149.0
241,2019,4,Serbia,Russia,141.0
237,2019,4,Poland,Russia,139.0
210,2019,4,Estonia,Russia,77.0
251,2019,4,Uzbekistan,Russia,76.0
236,2019,4,Norway,Russia,62.0
208,2019,4,Denmark,Russia,61.0
240,2019,4,Romania,Russia,60.0
238,2019,4,Portugal,Russia,57.0
216,2019,4,Greece,Russia,49.0
218,2019,4,Croatia,Russia,34.0
244,2019,4,Slovenia,Russia,33.0
245,2019,4,Slovakia,Russia,32.0
220,2019,4,Ireland,Russia,31.0
204,2019,4,China,Russia,29.0
200,2019,4,Bulgaria,Russia,18.0
205,2019,4,Cyprus,Russia,15.0
215,2019,4,Georgia,Russia,9.0
221,2019,4,Israel,Russia,7.0
229,2019,4,Lithuania,Russia,4.0
249,2019,4,Ukraine,Russia,4.0
230,2019,4,Luxembourg,Russia,3.0
223,2019,4,Iceland,Russia,2.0
234,2019,4,Malta,Russia,1.0
266,2019,5,Germany,Russia,1580.0
284,2019,5,Italy,Russia,862.0
273,2019,5,France,Russia,532.0
271,2019,5,Spain,Russia,485.0
291,2019,5,Latvia,Russia,412.0
253,2019,5,UAE,Russia,357.0
274,2019,5,United Kingdom,Russia,320.0
265,2019,5,Czech Republic,Russia,307.0
255,2019,5,Austria,Russia,291.0
276,2019,5,Greece,Russia,286.0
295,2019,5,Netherlands,Russia,280.0
261,2019,5,Switzerland,Russia,264.0
272,2019,5,Finland,Russia,247.0
288,2019,5,Kazakhstan,Russia,210.0
279,2019,5,Hungary,Russia,190.0
303,2019,5,Sweden,Russia,159.0
301,2019,5,Serbia,Russia,157.0
257,2019,5,Belgium,Russia,149.0
297,2019,5,Poland,Russia,147.0
307,2019,5,Turkey,Russia,119.0
311,2019,5,Uzbekistan,Russia,83.0
298,2019,5,Portugal,Russia,65.0
269,2019,5,Estonia,Russia,64.0
267,2019,5,Denmark,Russia,60.0
300,2019,5,Romania,Russia,59.0
296,2019,5,Norway,Russia,58.0
278,2019,5,Croatia,Russia,47.0
306,2019,5,Slovakia,Russia,43.0
258,2019,5,Bulgaria,Russia,33.0
280,2019,5,Ireland,Russia,33.0
281,2019,5,Israel,Russia,32.0
305,2019,5,Slovenia,Russia,32.0
262,2019,5,China,Russia,18.0
264,2019,5,Cyprus,Russia,17.0
283,2019,5,Iceland,Russia,6.0
294,2019,5,Malta,Russia,3.0
256,2019,5,Azerbaijan,Russia,2.0
289,2019,5,Lithuania,Russia,2.0
260,2019,5,Belarus,Russia,1.0
290,2019,5,Luxembourg,Russia,1.0
309,2019,5,Ukraine,Russia,1.0
328,2019,6,Germany,Russia,1493.0
346,2019,6,Italy,Russia,988.0
333,2019,6,Spain,Russia,549.0
335,2019,6,France,Russia,547.0
338,2019,6,Greece,Russia,405.0
353,2019,6,Latvia,Russia,390.0
336,2019,6,United Kingdom,Russia,352.0
327,2019,6,Czech Republic,Russia,313.0
316,2019,6,Austria,Russia,293.0
323,2019,6,Switzerland,Russia,283.0
334,2019,6,Finland,Russia,274.0
357,2019,6,Netherlands,Russia,248.0
314,2019,6,UAE,Russia,220.0
349,2019,6,Kazakhstan,Russia,191.0
341,2019,6,Hungary,Russia,174.0
364,2019,6,Serbia,Russia,157.0
360,2019,6,Poland,Russia,142.0
319,2019,6,Belgium,Russia,140.0
366,2019,6,Sweden,Russia,124.0
370,2019,6,Turkey,Russia,119.0
343,2019,6,Israel,Russia,101.0
320,2019,6,Bulgaria,Russia,92.0
331,2019,6,Estonia,Russia,88.0
340,2019,6,Croatia,Russia,71.0
374,2019,6,Uzbekistan,Russia,71.0
358,2019,6,Norway,Russia,65.0
329,2019,6,Denmark,Russia,62.0
361,2019,6,Portugal,Russia,59.0
363,2019,6,Romania,Russia,58.0
324,2019,6,China,Russia,41.0
342,2019,6,Ireland,Russia,33.0
368,2019,6,Slovenia,Russia,30.0
326,2019,6,Cyprus,Russia,24.0
356,2019,6,Malta,Russia,19.0
369,2019,6,Slovakia,Russia,17.0
345,2019,6,Iceland,Russia,16.0
317,2019,6,Azerbaijan,Russia,8.0
322,2019,6,Belarus,Russia,6.0
372,2019,6,Ukraine,Russia,4.0
351,2019,6,Lithuania,Russia,3.0
352,2019,6,Luxembourg,Russia,2.0
389,2019,7,Germany,Russia,1562.0
406,2019,7,Italy,Russia,1025.0
394,2019,7,Spain,Russia,568.0
396,2019,7,France,Russia,563.0
414,2019,7,Latvia,Russia,445.0
398,2019,7,Greece,Russia,414.0
388,2019,7,Czech Republic,Russia,313.0
397,2019,7,United Kingdom,Russia,312.0
377,2019,7,Austria,Russia,294.0
419,2019,7,Netherlands,Russia,288.0
395,2019,7,Finland,Russia,285.0
384,2019,7,Switzerland,Russia,279.0
376,2019,7,UAE,Russia,235.0
410,2019,7,Kazakhstan,Russia,232.0
401,2019,7,Hungary,Russia,170.0
425,2019,7,Serbia,Russia,162.0
403,2019,7,Israel,Russia,158.0
421,2019,7,Poland,Russia,137.0
380,2019,7,Belgium,Russia,136.0
426,2019,7,Sweden,Russia,135.0
433,2019,7,Turkey,Russia,130.0
381,2019,7,Bulgaria,Russia,112.0
392,2019,7,Estonia,Russia,78.0
400,2019,7,Croatia,Russia,78.0
420,2019,7,Norway,Russia,67.0
390,2019,7,Denmark,Russia,63.0
422,2019,7,Portugal,Russia,62.0
436,2019,7,Uzbekistan,Russia,59.0
385,2019,7,China,Russia,48.0
402,2019,7,Ireland,Russia,34.0
387,2019,7,Cyprus,Russia,29.0
428,2019,7,Slovenia,Russia,29.0
424,2019,7,Romania,Russia,25.0
429,2019,7,Slovakia,Russia,17.0
405,2019,7,Iceland,Russia,13.0
383,2019,7,Belarus,Russia,5.0
412,2019,7,Lithuania,Russia,4.0
434,2019,7,Ukraine,Russia,4.0
378,2019,7,Azerbaijan,Russia,2.0
418,2019,7,Malta,Russia,2.0
413,2019,7,Luxembourg,Russia,1.0
451,2019,8,Germany,Russia,1581.0
468,2019,8,Italy,Russia,1089.0
456,2019,8,Spain,Russia,607.0
458,2019,8,France,Russia,569.0
475,2019,8,Latvia,Russia,475.0
460,2019,8,Greece,Russia,436.0
457,2019,8,Finland,Russia,346.0
450,2019,8,Czech Republic,Russia,335.0
459,2019,8,United Kingdom,Russia,325.0
439,2019,8,Austria,Russia,298.0
480,2019,8,Netherlands,Russia,290.0
447,2019,8,Switzerland,Russia,274.0
471,2019,8,Kazakhstan,Russia,248.0
438,2019,8,UAE,Russia,247.0
463,2019,8,Hungary,Russia,179.0
486,2019,8,Serbia,Russia,156.0
442,2019,8,Belgium,Russia,142.0
488,2019,8,Sweden,Russia,135.0
465,2019,8,Israel,Russia,131.0
493,2019,8,Turkey,Russia,131.0
482,2019,8,Poland,Russia,122.0
443,2019,8,Bulgaria,Russia,107.0
454,2019,8,Estonia,Russia,82.0
448,2019,8,China,Russia,76.0
497,2019,8,Uzbekistan,Russia,69.0
452,2019,8,Denmark,Russia,64.0
483,2019,8,Portugal,Russia,62.0
481,2019,8,Norway,Russia,57.0
462,2019,8,Croatia,Russia,46.0
464,2019,8,Ireland,Russia,36.0
490,2019,8,Slovenia,Russia,32.0
449,2019,8,Cyprus,Russia,30.0
473,2019,8,Lithuania,Russia,29.0
479,2019,8,Malta,Russia,19.0
491,2019,8,Slovakia,Russia,17.0
467,2019,8,Iceland,Russia,14.0
440,2019,8,Azerbaijan,Russia,10.0
485,2019,8,Romania,Russia,3.0
446,2019,8,Belarus,Russia,1.0
474,2019,8,Luxembourg,Russia,1.0
495,2019,8,Ukraine,Russia,1.0
511,2019,9,Germany,Russia,1553.0
529,2019,9,Italy,Russia,971.0
516,2019,9,Spain,Russia,572.0
518,2019,9,France,Russia,532.0
536,2019,9,Latvia,Russia,463.0
521,2019,9,Greece,Russia,444.0
519,2019,9,United Kingdom,Russia,329.0
510,2019,9,Czech Republic,Russia,327.0
517,2019,9,Finland,Russia,309.0
507,2019,9,Switzerland,Russia,282.0
501,2019,9,Austria,Russia,280.0
539,2019,9,Netherlands,Russia,267.0
499,2019,9,UAE,Russia,261.0
532,2019,9,Kazakhstan,Russia,204.0
524,2019,9,Hungary,Russia,193.0
526,2019,9,Israel,Russia,168.0
541,2019,9,Poland,Russia,155.0
502,2019,9,Belgium,Russia,147.0
545,2019,9,Serbia,Russia,145.0
546,2019,9,Sweden,Russia,139.0
552,2019,9,Turkey,Russia,127.0
523,2019,9,Croatia,Russia,78.0
503,2019,9,Bulgaria,Russia,70.0
514,2019,9,Estonia,Russia,70.0
508,2019,9,China,Russia,68.0
542,2019,9,Portugal,Russia,61.0
512,2019,9,Denmark,Russia,59.0
540,2019,9,Norway,Russia,59.0
555,2019,9,Uzbekistan,Russia,46.0
534,2019,9,Lithuania,Russia,39.0
548,2019,9,Slovenia,Russia,31.0
525,2019,9,Ireland,Russia,29.0
509,2019,9,Cyprus,Russia,24.0
549,2019,9,Slovakia,Russia,24.0
538,2019,9,Malta,Russia,21.0
505,2019,9,Belarus,Russia,8.0
528,2019,9,Iceland,Russia,5.0
544,2019,9,Romania,Russia,3.0
535,2019,9,Luxembourg,Russia,2.0
553,2019,9,Ukraine,Russia,2.0
571,2019,10,Germany,Russia,1442.0
589,2019,10,Italy,Russia,940.0
578,2019,10,France,Russia,472.0
557,2019,10,UAE,Russia,440.0
576,2019,10,Spain,Russia,437.0
595,2019,10,Latvia,Russia,400.0
579,2019,10,United Kingdom,Russia,367.0
570,2019,10,Czech Republic,Russia,330.0
577,2019,10,Finland,Russia,293.0
567,2019,10,Switzerland,Russia,281.0
559,2019,10,Austria,Russia,263.0
599,2019,10,Netherlands,Russia,234.0
592,2019,10,Kazakhstan,Russia,230.0
580,2019,10,Greece,Russia,226.0
586,2019,10,Israel,Russia,196.0
584,2019,10,Hungary,Russia,186.0
605,2019,10,Serbia,Russia,152.0
611,2019,10,Turkey,Russia,147.0
561,2019,10,Belgium,Russia,144.0
601,2019,10,Poland,Russia,142.0
606,2019,10,Sweden,Russia,114.0
574,2019,10,Estonia,Russia,74.0
602,2019,10,Portugal,Russia,63.0
600,2019,10,Norway,Russia,60.0
572,2019,10,Denmark,Russia,58.0
614,2019,10,Uzbekistan,Russia,58.0
568,2019,10,China,Russia,50.0
593,2019,10,Lithuania,Russia,41.0
604,2019,10,Romania,Russia,39.0
583,2019,10,Croatia,Russia,36.0
608,2019,10,Slovenia,Russia,34.0
609,2019,10,Slovakia,Russia,34.0
585,2019,10,Ireland,Russia,31.0
562,2019,10,Bulgaria,Russia,20.0
597,2019,10,Malta,Russia,20.0
560,2019,10,Azerbaijan,Russia,9.0
569,2019,10,Cyprus,Russia,9.0
588,2019,10,Iceland,Russia,7.0
612,2019,10,Ukraine,Russia,4.0
594,2019,10,Luxembourg,Russia,2.0
632,2019,11,Germany,Russia,1390.0
650,2019,11,Italy,Russia,850.0
617,2019,11,UAE,Russia,651.0
639,2019,11,France,Russia,417.0
656,2019,11,Latvia,Russia,403.0
631,2019,11,Czech Republic,Russia,380.0
640,2019,11,United Kingdom,Russia,361.0
638,2019,11,Finland,Russia,295.0
637,2019,11,Spain,Russia,283.0
628,2019,11,Switzerland,Russia,280.0
619,2019,11,Austria,Russia,254.0
659,2019,11,Netherlands,Russia,254.0
653,2019,11,Kazakhstan,Russia,214.0
661,2019,11,Poland,Russia,177.0
645,2019,11,Hungary,Russia,157.0
665,2019,11,Serbia,Russia,146.0
671,2019,11,Turkey,Russia,134.0
647,2019,11,Israel,Russia,129.0
666,2019,11,Sweden,Russia,127.0
622,2019,11,Belgium,Russia,123.0
618,2019,11,Armenia,Russia,108.0
635,2019,11,Estonia,Russia,70.0
642,2019,11,Greece,Russia,70.0
633,2019,11,Denmark,Russia,64.0
660,2019,11,Norway,Russia,63.0
662,2019,11,Portugal,Russia,58.0
674,2019,11,Uzbekistan,Russia,46.0
654,2019,11,Lithuania,Russia,40.0
664,2019,11,Romania,Russia,35.0
669,2019,11,Slovakia,Russia,33.0
668,2019,11,Slovenia,Russia,32.0
644,2019,11,Croatia,Russia,31.0
629,2019,11,China,Russia,29.0
646,2019,11,Ireland,Russia,25.0
623,2019,11,Bulgaria,Russia,23.0
630,2019,11,Cyprus,Russia,7.0
655,2019,11,Luxembourg,Russia,6.0
657,2019,11,Malta,Russia,5.0
626,2019,11,Belarus,Russia,3.0
672,2019,11,Ukraine,Russia,1.0
687,2019,12,Germany,Russia,1510.0
703,2019,12,Italy,Russia,871.0
675,2019,12,UAE,Russia,592.0
676,2019,12,Armenia,Russia,467.0
692,2019,12,France,Russia,446.0
710,2019,12,Latvia,Russia,440.0
686,2019,12,Czech Republic,Russia,380.0
693,2019,12,United Kingdom,Russia,380.0
691,2019,12,Finland,Russia,317.0
683,2019,12,Switzerland,Russia,309.0
677,2019,12,Austria,Russia,283.0
690,2019,12,Spain,Russia,283.0
681,2019,12,Belarus,Russia,279.0
713,2019,12,Netherlands,Russia,245.0
706,2019,12,Kazakhstan,Russia,220.0
700,2019,12,Israel,Russia,203.0
715,2019,12,Poland,Russia,174.0
698,2019,12,Hungary,Russia,161.0
725,2019,12,Turkey,Russia,141.0
719,2019,12,Serbia,Russia,134.0
679,2019,12,Belgium,Russia,126.0
720,2019,12,Sweden,Russia,124.0
689,2019,12,Estonia,Russia,81.0
695,2019,12,Greece,Russia,66.0
688,2019,12,Denmark,Russia,60.0
716,2019,12,Portugal,Russia,56.0
714,2019,12,Norway,Russia,54.0
722,2019,12,Slovenia,Russia,34.0
723,2019,12,Slovakia,Russia,34.0
697,2019,12,Croatia,Russia,31.0
684,2019,12,China,Russia,30.0
728,2019,12,Uzbekistan,Russia,30.0
708,2019,12,Lithuania,Russia,25.0
699,2019,12,Ireland,Russia,20.0
680,2019,12,Bulgaria,Russia,12.0
711,2019,12,Malta,Russia,5.0
718,2019,12,Romania,Russia,4.0
709,2019,12,Luxembourg,Russia,3.0
685,2019,12,Cyprus,Russia,1.0
726,2019,12,Ukraine,Russia,1.0
743,2020,1,Germany,Russia,313.0
762,2020,1,Italy,Russia,208.0
738,2020,1,Belarus,Russia,141.0
731,2020,1,UAE,Russia,110.0
750,2020,1,France,Russia,110.0
732,2020,1,Armenia,Russia,101.0
770,2020,1,Latvia,Russia,99.0
751,2020,1,United Kingdom,Russia,81.0
733,2020,1,Austria,Russia,80.0
739,2020,1,Switzerland,Russia,78.0
742,2020,1,Czech Republic,Russia,70.0
749,2020,1,Finland,Russia,70.0
748,2020,1,Spain,Russia,57.0
759,2020,1,Israel,Russia,56.0
765,2020,1,Kazakhstan,Russia,55.0
775,2020,1,Netherlands,Russia,55.0
778,2020,1,Poland,Russia,45.0
788,2020,1,TH,Russia,44.0
784,2020,1,Sweden,Russia,34.0
756,2020,1,Hungary,Russia,31.0
792,2020,1,US,Russia,27.0
780,2020,1,QA,Russia,24.0
782,2020,1,Serbia,Russia,24.0
735,2020,1,Belgium,Russia,23.0
789,2020,1,Turkey,Russia,23.0
764,2020,1,KR,Russia,22.0
747,2020,1,Estonia,Russia,16.0
744,2020,1,Denmark,Russia,15.0
753,2020,1,Greece,Russia,14.0
760,2020,1,IN,Russia,14.0
776,2020,1,Norway,Russia,14.0
779,2020,1,Portugal,Russia,12.0
754,2020,1,HK,Russia,11.0
786,2020,1,Slovenia,Russia,10.0
787,2020,1,Slovakia,Russia,9.0
740,2020,1,China,Russia,8.0
755,2020,1,Croatia,Russia,7.0
737,2020,1,BH,Russia,6.0
745,2020,1,DO,Russia,5.0
767,2020,1,LK,Russia,5.0
793,2020,1,Uzbekistan,Russia,5.0
758,2020,1,Ireland,Russia,4.0
773,2020,1,Malta,Russia,4.0
763,2020,1,JP,Russia,3.0
768,2020,1,Lithuania,Russia,2.0
771,2020,1,MA,Russia,2.0
777,2020,1,PH,Russia,2.0
781,2020,1,Romania,Russia,2.0
785,2020,1,SG,Russia,2.0
790,2020,1,TW,Russia,2.0
734,2020,1,AU,Russia,1.0
746,2020,1,DZ,Russia,1.0
766,2020,1,LB,Russia,1.0
769,2020,1,Luxembourg,Russia,1.0
808,2020,2,Germany,Russia,328.0
826,2020,2,Italy,Russia,196.0
802,2020,2,Belarus,Russia,144.0
796,2020,2,Armenia,Russia,95.0
795,2020,2,UAE,Russia,94.0
815,2020,2,France,Russia,94.0
816,2020,2,United Kingdom,Russia,88.0
834,2020,2,Latvia,Russia,81.0
807,2020,2,Czech Republic,Russia,79.0
804,2020,2,Switzerland,Russia,69.0
813,2020,2,Spain,Russia,65.0
797,2020,2,Austria,Russia,64.0
839,2020,2,Netherlands,Russia,56.0
829,2020,2,Kazakhstan,Russia,53.0
842,2020,2,Poland,Russia,41.0
823,2020,2,Israel,Russia,38.0
858,2020,2,US,Russia,37.0
854,2020,2,TH,Russia,34.0
844,2020,2,QA,Russia,30.0
848,2020,2,Sweden,Russia,28.0
855,2020,2,Turkey,Russia,26.0
821,2020,2,Hungary,Russia,25.0
846,2020,2,Serbia,Russia,24.0
799,2020,2,Belgium,Russia,23.0
828,2020,2,KR,Russia,22.0
814,2020,2,Finland,Russia,18.0
818,2020,2,Greece,Russia,18.0
809,2020,2,Denmark,Russia,17.0
812,2020,2,Estonia,Russia,17.0
840,2020,2,Norway,Russia,15.0
831,2020,2,LK,Russia,12.0
801,2020,2,BH,Russia,10.0
824,2020,2,IN,Russia,9.0
843,2020,2,Portugal,Russia,9.0
850,2020,2,Slovenia,Russia,7.0
810,2020,2,DO,Russia,6.0
820,2020,2,Croatia,Russia,6.0
849,2020,2,SG,Russia,6.0
851,2020,2,Slovakia,Russia,6.0
819,2020,2,HK,Russia,5.0
800,2020,2,Bulgaria,Russia,3.0
822,2020,2,Ireland,Russia,3.0
827,2020,2,JP,Russia,3.0
837,2020,2,Malta,Russia,3.0
859,2020,2,Uzbekistan,Russia,3.0
805,2020,2,China,Russia,2.0
811,2020,2,DZ,Russia,2.0
845,2020,2,Romania,Russia,2.0
856,2020,2,TW,Russia,2.0
825,2020,2,Iceland,Russia,1.0
835,2020,2,MA,Russia,1.0
847,2020,2,SA,Russia,1.0
852,2020,2,SN,Russia,1.0
876,2020,3,Germany,Russia,189.0
871,2020,3,Belarus,Russia,111.0
861,2020,3,UAE,Russia,90.0
884,2020,3,United Kingdom,Russia,85.0
894,2020,3,Italy,Russia,78.0
862,2020,3,Armenia,Russia,63.0
883,2020,3,France,Russia,63.0
881,2020,3,Spain,Russia,51.0
902,2020,3,Latvia,Russia,50.0
872,2020,3,Switzerland,Russia,49.0
875,2020,3,Czech Republic,Russia,49.0
907,2020,3,Netherlands,Russia,39.0
864,2020,3,Austria,Russia,37.0
924,2020,3,US,Russia,35.0
920,2020,3,TH,Russia,30.0
868,2020,3,Belgium,Russia,26.0
921,2020,3,Turkey,Russia,23.0
889,2020,3,Hungary,Russia,21.0
910,2020,3,Poland,Russia,21.0
897,2020,3,Kazakhstan,Russia,20.0
912,2020,3,QA,Russia,20.0
882,2020,3,Finland,Russia,18.0
896,2020,3,KR,Russia,18.0
901,2020,3,Luxembourg,Russia,16.0
914,2020,3,Serbia,Russia,16.0
916,2020,3,Sweden,Russia,16.0
891,2020,3,Israel,Russia,14.0
892,2020,3,IN,Russia,12.0
886,2020,3,Greece,Russia,10.0
887,2020,3,HK,Russia,9.0
908,2020,3,Norway,Russia,7.0
913,2020,3,Romania,Russia,7.0
880,2020,3,Estonia,Russia,6.0
890,2020,3,Ireland,Russia,6.0
877,2020,3,Denmark,Russia,5.0
878,2020,3,DO,Russia,5.0
911,2020,3,Portugal,Russia,5.0
918,2020,3,Slovenia,Russia,5.0
870,2020,3,BH,Russia,4.0
888,2020,3,Croatia,Russia,4.0
895,2020,3,JP,Russia,3.0
899,2020,3,LK,Russia,3.0
917,2020,3,SG,Russia,3.0
903,2020,3,MA,Russia,2.0
919,2020,3,Slovakia,Russia,2.0
922,2020,3,TW,Russia,2.0
923,2020,3,Ukraine,Russia,2.0
925,2020,3,Uzbekistan,Russia,2.0
865,2020,3,AU,Russia,1.0
866,2020,3,Azerbaijan,Russia,1.0
869,2020,3,Bulgaria,Russia,1.0
873,2020,3,China,Russia,1.0
879,2020,3,DZ,Russia,1.0
893,2020,3,Iceland,Russia,1.0
915,2020,3,SA,Russia,1.0
938,2020,4,Germany,Russia,45.0
961,2020,4,Luxembourg,Russia,20.0
957,2020,4,KR,Russia,12.0
948,2020,4,HK,Russia,11.0
955,2020,4,Italy,Russia,11.0
973,2020,4,Sweden,Russia,7.0
930,2020,4,Belgium,Russia,5.0
942,2020,4,Spain,Russia,5.0
960,2020,4,Lithuania,Russia,5.0
981,2020,4,US,Russia,5.0
927,2020,4,UAE,Russia,4.0
935,2020,4,China,Russia,4.0
937,2020,4,Czech Republic,Russia,4.0
962,2020,4,Latvia,Russia,4.0
977,2020,4,TH,Russia,4.0
929,2020,4,Austria,Russia,3.0
941,2020,4,Estonia,Russia,3.0
944,2020,4,France,Russia,3.0
958,2020,4,Kazakhstan,Russia,3.0
968,2020,4,Poland,Russia,3.0
971,2020,4,Romania,Russia,3.0
978,2020,4,Turkey,Russia,3.0
928,2020,4,Armenia,Russia,2.0
934,2020,4,Switzerland,Russia,2.0
936,2020,4,Cyprus,Russia,2.0
945,2020,4,United Kingdom,Russia,2.0
952,2020,4,Israel,Russia,2.0
966,2020,4,Netherlands,Russia,2.0
933,2020,4,Belarus,Russia,1.0
939,2020,4,Denmark,Russia,1.0
940,2020,4,DZ,Russia,1.0
943,2020,4,Finland,Russia,1.0
951,2020,4,Ireland,Russia,1.0
953,2020,4,IN,Russia,1.0
954,2020,4,Iceland,Russia,1.0
956,2020,4,JP,Russia,1.0
959,2020,4,LK,Russia,1.0
967,2020,4,Norway,Russia,1.0
969,2020,4,Portugal,Russia,1.0
970,2020,4,QA,Russia,1.0
972,2020,4,Serbia,Russia,1.0
976,2020,4,Slovakia,Russia,1.0
979,2020,4,TW,Russia,1.0
997,2020,5,Germany,Russia,74.0
1005,2020,5,United Kingdom,Russia,19.0
993,2020,5,China,Russia,18.0
1008,2020,5,HK,Russia,18.0
1018,2020,5,KR,Russia,18.0
988,2020,5,Belgium,Russia,16.0
1026,2020,5,Netherlands,Russia,15.0
1021,2020,5,Luxembourg,Russia,14.0
1002,2020,5,Spain,Russia,12.0
992,2020,5,Switzerland,Russia,10.0
1041,2020,5,US,Russia,10.0
1015,2020,5,Italy,Russia,8.0
1004,2020,5,France,Russia,7.0
1020,2020,5,Lithuania,Russia,7.0
1034,2020,5,Sweden,Russia,7.0
986,2020,5,Austria,Russia,5.0
1012,2020,5,Israel,Russia,5.0
1022,2020,5,Latvia,Russia,5.0
1038,2020,5,Turkey,Russia,5.0
984,2020,5,UAE,Russia,4.0
985,2020,5,Armenia,Russia,4.0
991,2020,5,Belarus,Russia,4.0
1019,2020,5,Kazakhstan,Russia,4.0
1000,2020,5,Estonia,Russia,3.0
1010,2020,5,Hungary,Russia,3.0
1028,2020,5,Poland,Russia,3.0
1032,2020,5,Serbia,Russia,3.0
995,2020,5,Cyprus,Russia,2.0
1013,2020,5,IN,Russia,2.0
1031,2020,5,Romania,Russia,2.0
1044,2020,5,ZA,Russia,2.0
994,2020,5,CV,Russia,1.0
996,2020,5,Czech Republic,Russia,1.0
1003,2020,5,Finland,Russia,1.0
1007,2020,5,Greece,Russia,1.0
1014,2020,5,Iceland,Russia,1.0
1027,2020,5,Norway,Russia,1.0
1036,2020,5,Slovenia,Russia,1.0
1039,2020,5,TW,Russia,1.0
1059,2020,6,Germany,Russia,44.0
1070,2020,6,HK,Russia,19.0
1083,2020,6,Luxembourg,Russia,17.0
1095,2020,6,Serbia,Russia,17.0
1054,2020,6,Switzerland,Russia,16.0
1067,2020,6,United Kingdom,Russia,16.0
1079,2020,6,KR,Russia,14.0
1084,2020,6,Latvia,Russia,13.0
1058,2020,6,Czech Republic,Russia,12.0
1077,2020,6,Italy,Russia,11.0
1082,2020,6,Lithuania,Russia,8.0
1101,2020,6,Turkey,Russia,8.0
1045,2020,6,UAE,Russia,7.0
1050,2020,6,Belgium,Russia,7.0
1047,2020,6,Austria,Russia,6.0
1064,2020,6,Spain,Russia,6.0
1075,2020,6,IN,Russia,6.0
1088,2020,6,Netherlands,Russia,6.0
1053,2020,6,Belarus,Russia,5.0
1065,2020,6,Finland,Russia,5.0
1066,2020,6,France,Russia,5.0
1097,2020,6,Sweden,Russia,5.0
1074,2020,6,Israel,Russia,4.0
1071,2020,6,Croatia,Russia,3.0
1104,2020,6,US,Russia,3.0
1046,2020,6,Armenia,Russia,2.0
1055,2020,6,China,Russia,2.0
1056,2020,6,CO,Russia,2.0
1057,2020,6,Cyprus,Russia,2.0
1072,2020,6,Hungary,Russia,2.0
1080,2020,6,Kazakhstan,Russia,2.0
1049,2020,6,BD,Russia,1.0
1061,2020,6,DZ,Russia,1.0
1062,2020,6,Estonia,Russia,1.0
1090,2020,6,PH,Russia,1.0
1093,2020,6,QA,Russia,1.0
1096,2020,6,SA,Russia,1.0
1099,2020,6,Slovenia,Russia,1.0
1100,2020,6,Slovakia,Russia,1.0
1102,2020,6,TW,Russia,1.0
1105,2020,6,Uzbekistan,Russia,1.0
1120,2020,7,Germany,Russia,48.0
1128,2020,7,United Kingdom,Russia,20.0
1145,2020,7,Latvia,Russia,20.0
1115,2020,7,Switzerland,Russia,19.0
1130,2020,7,HK,Russia,18.0
1137,2020,7,Italy,Russia,15.0
1156,2020,7,Serbia,Russia,12.0
1140,2020,7,KR,Russia,11.0
1125,2020,7,Spain,Russia,10.0
1127,2020,7,France,Russia,9.0
1108,2020,7,Austria,Russia,8.0
1114,2020,7,Belarus,Russia,8.0
1119,2020,7,Czech Republic,Russia,8.0
1166,2020,7,US,Russia,8.0
1116,2020,7,China,Russia,7.0
1150,2020,7,Netherlands,Russia,7.0
1107,2020,7,UAE,Russia,6.0
1123,2020,7,Estonia,Russia,6.0
1132,2020,7,Hungary,Russia,6.0
1143,2020,7,Lithuania,Russia,6.0
1164,2020,7,Turkey,Russia,6.0
1111,2020,7,Belgium,Russia,5.0
1118,2020,7,Cyprus,Russia,5.0
1134,2020,7,Israel,Russia,5.0
1135,2020,7,IN,Russia,5.0
1129,2020,7,Greece,Russia,4.0
1141,2020,7,Kazakhstan,Russia,4.0
1144,2020,7,Luxembourg,Russia,4.0
1126,2020,7,Finland,Russia,3.0
1147,2020,7,Montenegro,Russia,3.0
1157,2020,7,Sweden,Russia,3.0
1146,2020,7,MA,Russia,2.0
1117,2020,7,CO,Russia,1.0
1121,2020,7,Denmark,Russia,1.0
1124,2020,7,EG,Russia,1.0
1131,2020,7,Croatia,Russia,1.0
1142,2020,7,LB,Russia,1.0
1149,2020,7,Malta,Russia,1.0
1152,2020,7,Poland,Russia,1.0
1159,2020,7,Slovenia,Russia,1.0
1160,2020,7,Slovakia,Russia,1.0
1161,2020,7,SN,Russia,1.0
1224,2020,8,Turkey,Russia,278.0
1182,2020,8,Germany,Russia,51.0
1190,2020,8,United Kingdom,Russia,29.0
1199,2020,8,Italy,Russia,20.0
1192,2020,8,HK,Russia,18.0
1187,2020,8,Spain,Russia,15.0
1206,2020,8,Latvia,Russia,15.0
1211,2020,8,Netherlands,Russia,14.0
1170,2020,8,Austria,Russia,11.0
1204,2020,8,Lithuania,Russia,11.0
1169,2020,8,UAE,Russia,10.0
1189,2020,8,France,Russia,10.0
1217,2020,8,Serbia,Russia,10.0
1227,2020,8,US,Russia,8.0
1173,2020,8,Belgium,Russia,7.0
1178,2020,8,Switzerland,Russia,7.0
1188,2020,8,Finland,Russia,7.0
1193,2020,8,Croatia,Russia,6.0
1196,2020,8,Israel,Russia,6.0
1180,2020,8,Cyprus,Russia,5.0
1179,2020,8,China,Russia,4.0
1181,2020,8,Czech Republic,Russia,4.0
1201,2020,8,KR,Russia,4.0
1213,2020,8,Poland,Russia,4.0
1185,2020,8,Estonia,Russia,3.0
1219,2020,8,Sweden,Russia,3.0
1225,2020,8,TW,Russia,2.0
1172,2020,8,BD,Russia,1.0
1177,2020,8,Belarus,Russia,1.0
1183,2020,8,Denmark,Russia,1.0
1184,2020,8,DZ,Russia,1.0
1191,2020,8,Greece,Russia,1.0
1194,2020,8,Hungary,Russia,1.0
1208,2020,8,MA,Russia,1.0
1210,2020,8,Malta,Russia,1.0
1216,2020,8,Romania,Russia,1.0
1223,2020,8,TH,Russia,1.0
1283,2020,9,Turkey,Russia,353.0
1242,2020,9,Germany,Russia,58.0
1284,2020,9,Ukraine,Russia,36.0
1250,2020,9,United Kingdom,Russia,29.0
1253,2020,9,HK,Russia,21.0
1238,2020,9,Switzerland,Russia,19.0
1267,2020,9,Latvia,Russia,17.0
1230,2020,9,UAE,Russia,16.0
1262,2020,9,KR,Russia,16.0
1260,2020,9,Italy,Russia,14.0
1270,2020,9,Netherlands,Russia,14.0
1232,2020,9,Austria,Russia,13.0
1233,2020,9,Belgium,Russia,10.0
1247,2020,9,Spain,Russia,10.0
1240,2020,9,Cyprus,Russia,9.0
1249,2020,9,France,Russia,9.0
1277,2020,9,Sweden,Russia,8.0
1285,2020,9,US,Russia,8.0
1236,2020,9,Belarus,Russia,6.0
1286,2020,9,Uzbekistan,Russia,6.0
1239,2020,9,China,Russia,5.0
1241,2020,9,Czech Republic,Russia,5.0
1248,2020,9,Finland,Russia,5.0
1257,2020,9,Israel,Russia,5.0
1265,2020,9,Lithuania,Russia,5.0
1252,2020,9,Greece,Russia,3.0
1272,2020,9,Poland,Russia,3.0
1276,2020,9,Serbia,Russia,2.0
1244,2020,9,DZ,Russia,1.0
1245,2020,9,Estonia,Russia,1.0
1246,2020,9,EG,Russia,1.0
1261,2020,9,JP,Russia,1.0
1263,2020,9,Kazakhstan,Russia,1.0
1273,2020,9,Portugal,Russia,1.0
1281,2020,9,SY,Russia,1.0
1342,2020,10,Turkey,Russia,343.0
1343,2020,10,Ukraine,Russia,259.0
1302,2020,10,Germany,Russia,53.0
1310,2020,10,United Kingdom,Russia,40.0
1288,2020,10,UAE,Russia,27.0
1313,2020,10,HK,Russia,27.0
1326,2020,10,Latvia,Russia,25.0
1320,2020,10,Italy,Russia,23.0
1298,2020,10,Switzerland,Russia,22.0
1300,2020,10,Cyprus,Russia,17.0
1307,2020,10,Spain,Russia,16.0
1322,2020,10,KR,Russia,14.0
1330,2020,10,Netherlands,Russia,14.0
1290,2020,10,Austria,Russia,13.0
1292,2020,10,Belgium,Russia,12.0
1309,2020,10,France,Russia,12.0
1344,2020,10,US,Russia,11.0
1317,2020,10,Israel,Russia,10.0
1296,2020,10,Belarus,Russia,9.0
1324,2020,10,Lithuania,Russia,8.0
1345,2020,10,Uzbekistan,Russia,8.0
1337,2020,10,Sweden,Russia,7.0
1308,2020,10,Finland,Russia,6.0
1315,2020,10,Hungary,Russia,5.0
1318,2020,10,IN,Russia,5.0
1336,2020,10,Serbia,Russia,5.0
1299,2020,10,China,Russia,4.0
1311,2020,10,Greece,Russia,4.0
1301,2020,10,Czech Republic,Russia,3.0
1306,2020,10,EG,Russia,3.0
1332,2020,10,Poland,Russia,3.0
1305,2020,10,Estonia,Russia,2.0
1314,2020,10,Croatia,Russia,2.0
1331,2020,10,Norway,Russia,2.0
1303,2020,10,Denmark,Russia,1.0
1304,2020,10,DZ,Russia,1.0
1319,2020,10,Iceland,Russia,1.0
1321,2020,10,JP,Russia,1.0
1323,2020,10,Kazakhstan,Russia,1.0
1327,2020,10,MA,Russia,1.0
1333,2020,10,Portugal,Russia,1.0
1339,2020,10,Slovenia,Russia,1.0
1346,2020,10,VN,Russia,1.0
1347,2020,10,ZA,Russia,1.0
1402,2020,11,Turkey,Russia,128.0
1403,2020,11,Ukraine,Russia,118.0
1348,2020,11,UAE,Russia,60.0
1363,2020,11,Germany,Russia,51.0
1371,2020,11,United Kingdom,Russia,41.0
1374,2020,11,HK,Russia,38.0
1390,2020,11,Netherlands,Russia,23.0
1359,2020,11,Switzerland,Russia,21.0
1350,2020,11,Austria,Russia,19.0
1353,2020,11,Belgium,Russia,18.0
1368,2020,11,Spain,Russia,18.0
1387,2020,11,Latvia,Russia,18.0
1357,2020,11,Belarus,Russia,16.0
1370,2020,11,France,Russia,16.0
1381,2020,11,Italy,Russia,16.0
1383,2020,11,KR,Russia,14.0
1362,2020,11,Czech Republic,Russia,13.0
1404,2020,11,US,Russia,12.0
1361,2020,11,Cyprus,Russia,11.0
1360,2020,11,China,Russia,10.0
1405,2020,11,Uzbekistan,Russia,10.0
1397,2020,11,Sweden,Russia,8.0
1384,2020,11,Kazakhstan,Russia,7.0
1369,2020,11,Finland,Russia,6.0
1378,2020,11,Israel,Russia,6.0
1385,2020,11,Lithuania,Russia,5.0
1366,2020,11,Estonia,Russia,4.0
1379,2020,11,IN,Russia,4.0
1396,2020,11,Serbia,Russia,4.0
1376,2020,11,Hungary,Russia,3.0
1391,2020,11,Norway,Russia,2.0
1392,2020,11,Poland,Russia,2.0
1352,2020,11,BD,Russia,1.0
1355,2020,11,BH,Russia,1.0
1358,2020,11,CA,Russia,1.0
1364,2020,11,Denmark,Russia,1.0
1373,2020,11,Greece,Russia,1.0
1375,2020,11,Croatia,Russia,1.0
1377,2020,11,Ireland,Russia,1.0
1382,2020,11,JP,Russia,1.0
1393,2020,11,Portugal,Russia,1.0
1457,2020,12,Ukraine,Russia,118.0
1418,2020,12,Germany,Russia,72.0
1406,2020,12,UAE,Russia,45.0
1424,2020,12,United Kingdom,Russia,39.0
1414,2020,12,Switzerland,Russia,38.0
1456,2020,12,Turkey,Russia,30.0
1444,2020,12,Netherlands,Russia,23.0
1410,2020,12,Belgium,Russia,22.0
1441,2020,12,Latvia,Russia,22.0
1436,2020,12,KR,Russia,21.0
1423,2020,12,France,Russia,18.0
1434,2020,12,Italy,Russia,16.0
1450,2020,12,Serbia,Russia,16.0
1416,2020,12,Cyprus,Russia,15.0
1427,2020,12,HK,Russia,14.0
1412,2020,12,Belarus,Russia,13.0
1421,2020,12,Spain,Russia,11.0
1459,2020,12,Uzbekistan,Russia,10.0
1408,2020,12,Austria,Russia,9.0
1415,2020,12,China,Russia,9.0
1417,2020,12,Czech Republic,Russia,9.0
1458,2020,12,US,Russia,9.0
1431,2020,12,Israel,Russia,6.0
1420,2020,12,Estonia,Russia,5.0
1422,2020,12,Finland,Russia,5.0
1429,2020,12,Hungary,Russia,5.0
1439,2020,12,Lithuania,Russia,5.0
1446,2020,12,Poland,Russia,5.0
1451,2020,12,Sweden,Russia,5.0
1432,2020,12,IN,Russia,2.0
1437,2020,12,Kazakhstan,Russia,2.0
1445,2020,12,Norway,Russia,2.0
1409,2020,12,BD,Russia,1.0
1430,2020,12,Ireland,Russia,1.0
1433,2020,12,Iceland,Russia,1.0
1435,2020,12,JP,Russia,1.0
1440,2020,12,Luxembourg,Russia,1.0
1448,2020,12,QA,Russia,1.0
1460,2020,12,VN,Russia,1.0
1522,2021,1,Ukraine,Russia,113.0
1520,2021,1,Turkey,Russia,103.0
1462,2021,1,UAE,Russia,76.0
1474,2021,1,Germany,Russia,50.0
1470,2021,1,Switzerland,Russia,32.0
1479,2021,1,Spain,Russia,23.0
1501,2021,1,Latvia,Russia,23.0
1464,2021,1,Austria,Russia,19.0
1506,2021,1,Netherlands,Russia,19.0
1493,2021,1,Italy,Russia,16.0
1481,2021,1,France,Russia,15.0
1482,2021,1,United Kingdom,Russia,14.0
1495,2021,1,KR,Russia,13.0
1469,2021,1,Belarus,Russia,12.0
1472,2021,1,Cyprus,Russia,12.0
1485,2021,1,HK,Russia,12.0
1523,2021,1,US,Russia,12.0
1513,2021,1,Serbia,Russia,11.0
1490,2021,1,Israel,Russia,10.0
1480,2021,1,Finland,Russia,8.0
1499,2021,1,Lithuania,Russia,7.0
1466,2021,1,Belgium,Russia,6.0
1471,2021,1,China,Russia,6.0
1496,2021,1,Kazakhstan,Russia,6.0
1509,2021,1,Poland,Russia,6.0
1473,2021,1,Czech Republic,Russia,5.0
1515,2021,1,Sweden,Russia,5.0
1524,2021,1,Uzbekistan,Russia,5.0
1484,2021,1,Greece,Russia,4.0
1478,2021,1,Estonia,Russia,3.0
1487,2021,1,Hungary,Russia,3.0
1525,2021,1,VN,Russia,3.0
1494,2021,1,JP,Russia,2.0
1510,2021,1,Portugal,Russia,2.0
1491,2021,1,IN,Russia,1.0
1492,2021,1,Iceland,Russia,1.0
1502,2021,1,MA,Russia,1.0
1507,2021,1,Norway,Russia,1.0
1508,2021,1,PH,Russia,1.0
1512,2021,1,Romania,Russia,1.0
1514,2021,1,SA,Russia,1.0
1516,2021,1,SG,Russia,1.0
1518,2021,1,Slovakia,Russia,1.0
1586,2021,2,Turkey,Russia,105.0
1539,2021,2,Germany,Russia,68.0
1526,2021,2,UAE,Russia,37.0
1535,2021,2,Switzerland,Russia,27.0
1533,2021,2,Belarus,Russia,26.0
1557,2021,2,Italy,Russia,25.0
1544,2021,2,Spain,Russia,20.0
1547,2021,2,United Kingdom,Russia,19.0
1565,2021,2,Latvia,Russia,19.0
1550,2021,2,HK,Russia,14.0
1570,2021,2,Netherlands,Russia,14.0
1536,2021,2,China,Russia,13.0
1528,2021,2,Austria,Russia,12.0
1545,2021,2,Finland,Russia,12.0
1577,2021,2,Serbia,Russia,11.0
1588,2021,2,Ukraine,Russia,10.0
1546,2021,2,France,Russia,8.0
1554,2021,2,Israel,Russia,8.0
1560,2021,2,Kazakhstan,Russia,8.0
1563,2021,2,Lithuania,Russia,8.0
1590,2021,2,Uzbekistan,Russia,8.0
1589,2021,2,US,Russia,7.0
1538,2021,2,Czech Republic,Russia,6.0
1558,2021,2,JP,Russia,6.0
1559,2021,2,KR,Russia,6.0
1579,2021,2,Sweden,Russia,6.0
1537,2021,2,Cyprus,Russia,5.0
1552,2021,2,Hungary,Russia,4.0
1573,2021,2,Poland,Russia,4.0
1530,2021,2,Belgium,Russia,3.0
1543,2021,2,Estonia,Russia,3.0
1555,2021,2,IN,Russia,3.0
1582,2021,2,Slovakia,Russia,2.0
1540,2021,2,Denmark,Russia,1.0
1551,2021,2,Croatia,Russia,1.0
1561,2021,2,LB,Russia,1.0
1568,2021,2,Malta,Russia,1.0
1571,2021,2,Norway,Russia,1.0
1574,2021,2,Portugal,Russia,1.0
1575,2021,2,QA,Russia,1.0
1576,2021,2,Romania,Russia,1.0
1585,2021,2,TH,Russia,1.0
1591,2021,2,VN,Russia,1.0
1652,2021,3,Turkey,Russia,159.0
1607,2021,3,Germany,Russia,96.0
1592,2021,3,UAE,Russia,73.0
1603,2021,3,Switzerland,Russia,39.0
1602,2021,3,Belarus,Russia,32.0
1612,2021,3,Spain,Russia,32.0
1633,2021,3,Latvia,Russia,25.0
1625,2021,3,Italy,Russia,21.0
1605,2021,3,Cyprus,Russia,20.0
1615,2021,3,United Kingdom,Russia,20.0
1606,2021,3,Czech Republic,Russia,19.0
1618,2021,3,HK,Russia,18.0
1638,2021,3,Netherlands,Russia,17.0
1595,2021,3,Austria,Russia,16.0
1614,2021,3,France,Russia,14.0
1628,2021,3,Kazakhstan,Russia,14.0
1645,2021,3,Serbia,Russia,13.0
1655,2021,3,US,Russia,13.0
1631,2021,3,Lithuania,Russia,12.0
1627,2021,3,KR,Russia,10.0
1641,2021,3,Poland,Russia,10.0
1611,2021,3,Estonia,Russia,9.0
1613,2021,3,Finland,Russia,9.0
1647,2021,3,Sweden,Russia,9.0
1604,2021,3,China,Russia,8.0
1620,2021,3,Hungary,Russia,8.0
1622,2021,3,Israel,Russia,7.0
1643,2021,3,QA,Russia,7.0
1656,2021,3,Uzbekistan,Russia,7.0
1623,2021,3,IN,Russia,5.0
1626,2021,3,JP,Russia,5.0
1599,2021,3,Belgium,Russia,4.0
1608,2021,3,Denmark,Russia,4.0
1617,2021,3,Greece,Russia,3.0
1619,2021,3,Croatia,Russia,3.0
1648,2021,3,SG,Russia,3.0
1649,2021,3,Slovenia,Russia,3.0
1634,2021,3,MA,Russia,2.0
1594,2021,3,AR,Russia,1.0
1610,2021,3,DZ,Russia,1.0
1629,2021,3,LB,Russia,1.0
1636,2021,3,MO,Russia,1.0
1639,2021,3,Norway,Russia,1.0
1650,2021,3,Slovakia,Russia,1.0
1657,2021,3,VN,Russia,1.0
1669,2021,4,Germany,Russia,102.0
1658,2021,4,UAE,Russia,90.0
1709,2021,4,Turkey,Russia,75.0
1665,2021,4,Switzerland,Russia,41.0
1693,2021,4,Latvia,Russia,31.0
1686,2021,4,Italy,Russia,30.0
1667,2021,4,Cyprus,Russia,29.0
1660,2021,4,Austria,Russia,25.0
1673,2021,4,Spain,Russia,22.0
1697,2021,4,Netherlands,Russia,22.0
1676,2021,4,United Kingdom,Russia,21.0
1666,2021,4,China,Russia,20.0
1664,2021,4,Belarus,Russia,19.0
1703,2021,4,Serbia,Russia,18.0
1713,2021,4,Uzbekistan,Russia,18.0
1679,2021,4,HK,Russia,17.0
1712,2021,4,US,Russia,17.0
1699,2021,4,Poland,Russia,15.0
1668,2021,4,Czech Republic,Russia,14.0
1675,2021,4,France,Russia,13.0
1674,2021,4,Finland,Russia,12.0
1691,2021,4,Lithuania,Russia,12.0
1683,2021,4,Israel,Russia,11.0
1684,2021,4,IN,Russia,9.0
1704,2021,4,Sweden,Russia,9.0
1661,2021,4,Belgium,Russia,8.0
1687,2021,4,JP,Russia,7.0
1689,2021,4,Kazakhstan,Russia,6.0
1701,2021,4,QA,Russia,6.0
1681,2021,4,Hungary,Russia,5.0
1714,2021,4,VN,Russia,5.0
1688,2021,4,KR,Russia,4.0
1695,2021,4,MO,Russia,4.0
1678,2021,4,Greece,Russia,3.0
1705,2021,4,SG,Russia,3.0
1672,2021,4,Estonia,Russia,2.0
1680,2021,4,Croatia,Russia,2.0
1671,2021,4,DZ,Russia,1.0
1694,2021,4,MA,Russia,1.0
1698,2021,4,Norway,Russia,1.0
1700,2021,4,Portugal,Russia,1.0
1702,2021,4,Romania,Russia,1.0
1706,2021,4,Slovenia,Russia,1.0
1707,2021,4,Slovakia,Russia,1.0
1728,2021,5,Germany,Russia,117.0
1715,2021,5,UAE,Russia,83.0
1726,2021,5,Cyprus,Russia,50.0
1746,2021,5,Italy,Russia,47.0
1753,2021,5,Latvia,Russia,38.0
1733,2021,5,Spain,Russia,32.0
1723,2021,5,Switzerland,Russia,31.0
1763,2021,5,Serbia,Russia,26.0
1757,2021,5,Netherlands,Russia,22.0
1769,2021,5,Turkey,Russia,22.0
1735,2021,5,France,Russia,20.0
1772,2021,5,US,Russia,20.0
1717,2021,5,Austria,Russia,19.0
1751,2021,5,Lithuania,Russia,17.0
1722,2021,5,Belarus,Russia,16.0
1724,2021,5,China,Russia,14.0
1734,2021,5,Finland,Russia,14.0
1736,2021,5,United Kingdom,Russia,14.0
1759,2021,5,Poland,Russia,14.0
1773,2021,5,Uzbekistan,Russia,14.0
1739,2021,5,HK,Russia,13.0
1750,2021,5,Kazakhstan,Russia,13.0
1727,2021,5,Czech Republic,Russia,12.0
1765,2021,5,Sweden,Russia,8.0
1732,2021,5,EG,Russia,7.0
1740,2021,5,Croatia,Russia,7.0
1743,2021,5,Israel,Russia,7.0
1731,2021,5,Estonia,Russia,6.0
1741,2021,5,Hungary,Russia,6.0
1747,2021,5,JP,Russia,6.0
1744,2021,5,IN,Russia,5.0
1719,2021,5,Belgium,Russia,4.0
1738,2021,5,Greece,Russia,4.0
1766,2021,5,SG,Russia,4.0
1762,2021,5,Romania,Russia,3.0
1755,2021,5,MO,Russia,2.0
1758,2021,5,Norway,Russia,2.0
1761,2021,5,QA,Russia,2.0
1774,2021,5,VN,Russia,2.0
1729,2021,5,Denmark,Russia,1.0
1742,2021,5,Ireland,Russia,1.0
1748,2021,5,KE,Russia,1.0
1754,2021,5,MA,Russia,1.0
1764,2021,5,SA,Russia,1.0
1767,2021,5,Slovenia,Russia,1.0
1771,2021,5,Ukraine,Russia,1.0
1775,2021,5,ZA,Russia,1.0
1790,2021,6,Germany,Russia,114.0
1808,2021,6,Italy,Russia,49.0
1776,2021,6,UAE,Russia,46.0
1788,2021,6,Cyprus,Russia,44.0
1797,2021,6,France,Russia,44.0
1785,2021,6,Switzerland,Russia,38.0
1826,2021,6,Serbia,Russia,35.0
1815,2021,6,Latvia,Russia,34.0
1798,2021,6,United Kingdom,Russia,29.0
1836,2021,6,Uzbekistan,Russia,27.0
1832,2021,6,Turkey,Russia,26.0
1784,2021,6,Belarus,Russia,25.0
1795,2021,6,Spain,Russia,25.0
1778,2021,6,Austria,Russia,24.0
1819,2021,6,Netherlands,Russia,24.0
1796,2021,6,Finland,Russia,19.0
1835,2021,6,US,Russia,19.0
1805,2021,6,Israel,Russia,15.0
1800,2021,6,Greece,Russia,14.0
1822,2021,6,Poland,Russia,14.0
1781,2021,6,Belgium,Russia,13.0
1789,2021,6,Czech Republic,Russia,13.0
1811,2021,6,Kazakhstan,Russia,11.0
1794,2021,6,EG,Russia,9.0
1828,2021,6,Sweden,Russia,9.0
1801,2021,6,HK,Russia,8.0
1802,2021,6,Croatia,Russia,8.0
1803,2021,6,Hungary,Russia,8.0
1806,2021,6,IN,Russia,8.0
1813,2021,6,Lithuania,Russia,7.0
1829,2021,6,SG,Russia,7.0
1786,2021,6,China,Russia,6.0
1793,2021,6,Estonia,Russia,6.0
1824,2021,6,QA,Russia,4.0
1830,2021,6,Slovenia,Russia,4.0
1791,2021,6,Denmark,Russia,3.0
1809,2021,6,JP,Russia,3.0
1780,2021,6,BD,Russia,2.0
1816,2021,6,MA,Russia,2.0
1817,2021,6,MO,Russia,2.0
1831,2021,6,Slovakia,Russia,2.0
1782,2021,6,Bulgaria,Russia,1.0
1807,2021,6,Iceland,Russia,1.0
1812,2021,6,LB,Russia,1.0
1814,2021,6,Luxembourg,Russia,1.0
1820,2021,6,Norway,Russia,1.0
1825,2021,6,Romania,Russia,1.0
1827,2021,6,SA,Russia,1.0
1834,2021,6,Ukraine,Russia,1.0
1837,2021,6,VN,Russia,1.0
1851,2021,7,Germany,Russia,147.0
1895,2021,7,Turkey,Russia,98.0
1868,2021,7,Italy,Russia,72.0
1858,2021,7,France,Russia,70.0
1849,2021,7,Cyprus,Russia,43.0
1881,2021,7,Netherlands,Russia,40.0
1856,2021,7,Spain,Russia,37.0
1887,2021,7,Serbia,Russia,34.0
1876,2021,7,Latvia,Russia,31.0
1838,2021,7,UAE,Russia,30.0
1846,2021,7,Switzerland,Russia,30.0
1845,2021,7,Belarus,Russia,28.0
1897,2021,7,US,Russia,28.0
1839,2021,7,Austria,Russia,27.0
1898,2021,7,Uzbekistan,Russia,26.0
1843,2021,7,Bulgaria,Russia,19.0
1861,2021,7,HK,Russia,19.0
1857,2021,7,Finland,Russia,18.0
1862,2021,7,Croatia,Russia,17.0
1859,2021,7,United Kingdom,Russia,15.0
1883,2021,7,Poland,Russia,15.0
1888,2021,7,Sweden,Russia,15.0
1860,2021,7,Greece,Russia,13.0
1842,2021,7,Belgium,Russia,12.0
1869,2021,7,JP,Russia,11.0
1872,2021,7,Kazakhstan,Russia,11.0
1850,2021,7,Czech Republic,Russia,10.0
1854,2021,7,Estonia,Russia,8.0
1866,2021,7,IN,Russia,8.0
1877,2021,7,MA,Russia,8.0
1885,2021,7,QA,Russia,8.0
1855,2021,7,EG,Russia,7.0
1863,2021,7,Hungary,Russia,7.0
1882,2021,7,Norway,Russia,7.0
1886,2021,7,Romania,Russia,6.0
1865,2021,7,Israel,Russia,5.0
1874,2021,7,Lithuania,Russia,5.0
1847,2021,7,China,Russia,4.0
1852,2021,7,Denmark,Russia,4.0
1884,2021,7,Portugal,Russia,3.0
1890,2021,7,Slovenia,Russia,3.0
1864,2021,7,Ireland,Russia,2.0
1880,2021,7,Malta,Russia,2.0
1889,2021,7,SG,Russia,2.0
1844,2021,7,BH,Russia,1.0
1870,2021,7,KE,Russia,1.0
1875,2021,7,Luxembourg,Russia,1.0
1879,2021,7,MO,Russia,1.0
1891,2021,7,Slovakia,Russia,1.0
1894,2021,7,TH,Russia,1.0
1899,2021,7,VN,Russia,1.0
1913,2021,8,Germany,Russia,120.0
1955,2021,8,Turkey,Russia,112.0
1930,2021,8,Italy,Russia,67.0
1920,2021,8,France,Russia,45.0
1908,2021,8,Belarus,Russia,42.0
1911,2021,8,Cyprus,Russia,42.0
1918,2021,8,Spain,Russia,42.0
1942,2021,8,Netherlands,Russia,36.0
1900,2021,8,UAE,Russia,35.0
1937,2021,8,Latvia,Russia,35.0
1922,2021,8,Greece,Russia,30.0
1958,2021,8,US,Russia,30.0
1909,2021,8,Switzerland,Russia,26.0
1919,2021,8,Finland,Russia,24.0
1901,2021,8,Austria,Russia,22.0
1905,2021,8,Bulgaria,Russia,22.0
1921,2021,8,United Kingdom,Russia,18.0
1923,2021,8,HK,Russia,17.0
1948,2021,8,Serbia,Russia,16.0
1904,2021,8,Belgium,Russia,14.0
1924,2021,8,Croatia,Russia,14.0
1950,2021,8,Sweden,Russia,14.0
1944,2021,8,Poland,Russia,13.0
1933,2021,8,Kazakhstan,Russia,10.0
1946,2021,8,QA,Russia,10.0
1912,2021,8,Czech Republic,Russia,9.0
1925,2021,8,Hungary,Russia,9.0
1931,2021,8,JP,Russia,9.0
1927,2021,8,Israel,Russia,8.0
1943,2021,8,Norway,Russia,6.0
1951,2021,8,SG,Russia,6.0
1910,2021,8,China,Russia,5.0
1935,2021,8,Lithuania,Russia,5.0
1939,2021,8,MA,Russia,5.0
1945,2021,8,Portugal,Russia,5.0
1947,2021,8,Romania,Russia,5.0
1916,2021,8,Estonia,Russia,4.0
1934,2021,8,LB,Russia,4.0
1940,2021,8,MO,Russia,3.0
1914,2021,8,Denmark,Russia,2.0
1915,2021,8,DZ,Russia,2.0
1917,2021,8,EG,Russia,2.0
1928,2021,8,IN,Russia,2.0
1949,2021,8,SA,Russia,2.0
1954,2021,8,TH,Russia,2.0
1902,2021,8,Azerbaijan,Russia,1.0
1906,2021,8,BH,Russia,1.0
1907,2021,8,BR,Russia,1.0
1926,2021,8,Ireland,Russia,1.0
1938,2021,8,LY,Russia,1.0
1941,2021,8,Malta,Russia,1.0
1952,2021,8,Slovenia,Russia,1.0
1953,2021,8,Slovakia,Russia,1.0
1956,2021,8,TW,Russia,1.0
1960,2021,8,VN,Russia,1.0
1973,2021,9,Germany,Russia,115.0
2014,2021,9,Turkey,Russia,112.0
1967,2021,9,Belarus,Russia,67.0
1991,2021,9,Italy,Russia,48.0
1969,2021,9,Switzerland,Russia,41.0
1980,2021,9,France,Russia,39.0
1971,2021,9,Cyprus,Russia,34.0
1963,2021,9,Austria,Russia,32.0
1961,2021,9,UAE,Russia,31.0
1981,2021,9,United Kingdom,Russia,31.0
1983,2021,9,Greece,Russia,29.0
2001,2021,9,Netherlands,Russia,29.0
2016,2021,9,US,Russia,26.0
1978,2021,9,Spain,Russia,24.0
2007,2021,9,Serbia,Russia,20.0
1998,2021,9,Latvia,Russia,19.0
2003,2021,9,Poland,Russia,18.0
1964,2021,9,Belgium,Russia,16.0
1985,2021,9,Croatia,Russia,15.0
1972,2021,9,Czech Republic,Russia,14.0
1984,2021,9,HK,Russia,13.0
1988,2021,9,Israel,Russia,13.0
1979,2021,9,Finland,Russia,12.0
2008,2021,9,Sweden,Russia,11.0
1965,2021,9,Bulgaria,Russia,10.0
1989,2021,9,IN,Russia,10.0
2005,2021,9,QA,Russia,10.0
1986,2021,9,Hungary,Russia,9.0
1992,2021,9,JP,Russia,9.0
1970,2021,9,China,Russia,8.0
2010,2021,9,Slovenia,Russia,6.0
1976,2021,9,Estonia,Russia,4.0
1993,2021,9,KR,Russia,4.0
1996,2021,9,Lithuania,Russia,4.0
2002,2021,9,Norway,Russia,4.0
2004,2021,9,Portugal,Russia,4.0
1974,2021,9,Denmark,Russia,3.0
1987,2021,9,Ireland,Russia,3.0
1966,2021,9,BH,Russia,2.0
1999,2021,9,MO,Russia,2.0
2006,2021,9,Romania,Russia,2.0
2009,2021,9,SG,Russia,2.0
1962,2021,9,AR,Russia,1.0
1968,2021,9,CA,Russia,1.0
1975,2021,9,DZ,Russia,1.0
1995,2021,9,LB,Russia,1.0
1997,2021,9,Luxembourg,Russia,1.0
2013,2021,9,TH,Russia,1.0
2018,2021,9,VN,Russia,1.0
2033,2021,10,Germany,Russia,152.0
2073,2021,10,Turkey,Russia,144.0
2027,2021,10,Belarus,Russia,98.0
2019,2021,10,UAE,Russia,79.0
2051,2021,10,Italy,Russia,68.0
2061,2021,10,Netherlands,Russia,48.0
2031,2021,10,Cyprus,Russia,45.0
2041,2021,10,United Kingdom,Russia,38.0
2029,2021,10,Switzerland,Russia,37.0
2040,2021,10,France,Russia,37.0
2075,2021,10,US,Russia,32.0
2039,2021,10,Finland,Russia,31.0
2057,2021,10,Latvia,Russia,29.0
2021,2021,10,Austria,Russia,27.0
2042,2021,10,Greece,Russia,26.0
2046,2021,10,Hungary,Russia,21.0
2063,2021,10,Poland,Russia,21.0
2038,2021,10,Spain,Russia,20.0
2067,2021,10,Serbia,Russia,19.0
2032,2021,10,Czech Republic,Russia,18.0
2023,2021,10,Belgium,Russia,17.0
2048,2021,10,Israel,Russia,16.0
2044,2021,10,HK,Russia,13.0
2054,2021,10,Kazakhstan,Russia,13.0
2024,2021,10,Bulgaria,Russia,12.0
2065,2021,10,QA,Russia,11.0
2053,2021,10,KR,Russia,10.0
2030,2021,10,China,Russia,8.0
2049,2021,10,IN,Russia,8.0
2055,2021,10,Lithuania,Russia,8.0
2068,2021,10,Sweden,Russia,8.0
2052,2021,10,JP,Russia,7.0
2036,2021,10,Estonia,Russia,6.0
2045,2021,10,Croatia,Russia,6.0
2034,2021,10,Denmark,Russia,5.0
2062,2021,10,Norway,Russia,5.0
2069,2021,10,SG,Russia,5.0
2064,2021,10,Portugal,Russia,3.0
2047,2021,10,Ireland,Russia,2.0
2066,2021,10,Romania,Russia,2.0
2070,2021,10,Slovenia,Russia,2.0
2020,2021,10,AR,Russia,1.0
2022,2021,10,Azerbaijan,Russia,1.0
2025,2021,10,BH,Russia,1.0
2028,2021,10,CA,Russia,1.0
2056,2021,10,Luxembourg,Russia,1.0
2060,2021,10,MX,Russia,1.0
2071,2021,10,Slovakia,Russia,1.0
2094,2021,11,Germany,Russia,150.0
2133,2021,11,Turkey,Russia,134.0
2088,2021,11,Belarus,Russia,89.0
2112,2021,11,Italy,Russia,54.0
2079,2021,11,UAE,Russia,50.0
2090,2021,11,Switzerland,Russia,47.0
2100,2021,11,Finland,Russia,44.0
2101,2021,11,France,Russia,42.0
2092,2021,11,Cyprus,Russia,39.0
2081,2021,11,Austria,Russia,36.0
2099,2021,11,Spain,Russia,36.0
2102,2021,11,United Kingdom,Russia,36.0
2121,2021,11,Netherlands,Russia,35.0
2118,2021,11,Latvia,Russia,32.0
2127,2021,11,Serbia,Russia,29.0
2107,2021,11,Hungary,Russia,27.0
2114,2021,11,KR,Russia,24.0
2115,2021,11,Kazakhstan,Russia,22.0
2105,2021,11,HK,Russia,21.0
2109,2021,11,Israel,Russia,19.0
2135,2021,11,US,Russia,18.0
2104,2021,11,Greece,Russia,17.0
2123,2021,11,Poland,Russia,15.0
2106,2021,11,Croatia,Russia,12.0
2084,2021,11,Belgium,Russia,11.0
2085,2021,11,Bulgaria,Russia,9.0
2091,2021,11,China,Russia,9.0
2093,2021,11,Czech Republic,Russia,9.0
2125,2021,11,QA,Russia,8.0
2113,2021,11,JP,Russia,7.0
2116,2021,11,Lithuania,Russia,7.0
2128,2021,11,Sweden,Russia,6.0
2110,2021,11,IN,Russia,5.0
2130,2021,11,Slovenia,Russia,5.0
2124,2021,11,Portugal,Russia,4.0
2097,2021,11,Estonia,Russia,3.0
2122,2021,11,Norway,Russia,3.0
2126,2021,11,Romania,Russia,3.0
2086,2021,11,BH,Russia,2.0
2096,2021,11,DZ,Russia,2.0
2098,2021,11,EG,Russia,2.0
2103,2021,11,Georgia,Russia,2.0
2111,2021,11,Iceland,Russia,2.0
2117,2021,11,Luxembourg,Russia,2.0
2129,2021,11,SG,Russia,2.0
2131,2021,11,Slovakia,Russia,2.0
2082,2021,11,Azerbaijan,Russia,1.0
2089,2021,11,CA,Russia,1.0
2095,2021,11,Denmark,Russia,1.0
2119,2021,11,Malta,Russia,1.0
2120,2021,11,MX,Russia,1.0
2134,2021,11,Ukraine,Russia,1.0
2149,2021,12,Germany,Russia,157.0
2187,2021,12,Turkey,Russia,114.0
2143,2021,12,Belarus,Russia,60.0
2154,2021,12,France,Russia,51.0
2165,2021,12,Italy,Russia,48.0
2145,2021,12,Switzerland,Russia,45.0
2155,2021,12,United Kingdom,Russia,40.0
2175,2021,12,Netherlands,Russia,37.0
2152,2021,12,Spain,Russia,33.0
2153,2021,12,Finland,Russia,31.0
2137,2021,12,UAE,Russia,29.0
2139,2021,12,Austria,Russia,25.0
2160,2021,12,Hungary,Russia,25.0
2168,2021,12,Kazakhstan,Russia,25.0
2172,2021,12,Latvia,Russia,22.0
2147,2021,12,Cyprus,Russia,21.0
2189,2021,12,US,Russia,20.0
2158,2021,12,HK,Russia,17.0
2148,2021,12,Czech Republic,Russia,16.0
2162,2021,12,Israel,Russia,16.0
2167,2021,12,KR,Russia,15.0
2163,2021,12,IN,Russia,14.0
2177,2021,12,Poland,Russia,14.0
2146,2021,12,China,Russia,13.0
2181,2021,12,Serbia,Russia,13.0
2179,2021,12,QA,Russia,11.0
2182,2021,12,Sweden,Russia,10.0
2141,2021,12,Belgium,Russia,7.0
2142,2021,12,Bulgaria,Russia,7.0
2166,2021,12,JP,Russia,7.0
2157,2021,12,Greece,Russia,5.0
2159,2021,12,Croatia,Russia,4.0
2170,2021,12,Lithuania,Russia,4.0
2176,2021,12,Norway,Russia,4.0
2178,2021,12,Portugal,Russia,4.0
2183,2021,12,SG,Russia,4.0
2150,2021,12,Denmark,Russia,3.0
2151,2021,12,Estonia,Russia,3.0
2171,2021,12,Luxembourg,Russia,3.0
2174,2021,12,MX,Russia,3.0
2184,2021,12,Slovenia,Russia,3.0
2161,2021,12,Ireland,Russia,2.0
2169,2021,12,LB,Russia,2.0
2180,2021,12,Romania,Russia,2.0
2186,2021,12,TH,Russia,2.0
2140,2021,12,BD,Russia,1.0
2144,2021,12,CA,Russia,1.0
2156,2021,12,Georgia,Russia,1.0
2164,2021,12,Iceland,Russia,1.0
2173,2021,12,Malta,Russia,1.0
2188,2021,12,Ukraine,Russia,1.0
2192,2021,12,ZA,Russia,1.0
2205,2022,1,Germany,Russia,161.0
2193,2022,1,UAE,Russia,138.0
2251,2022,1,Turkey,Russia,129.0
2200,2022,1,Belarus,Russia,75.0
2212,2022,1,France,Russia,68.0
2224,2022,1,Italy,Russia,60.0
2201,2022,1,Switzerland,Russia,57.0
2210,2022,1,Spain,Russia,44.0
2213,2022,1,United Kingdom,Russia,41.0
2237,2022,1,Netherlands,Russia,36.0
2211,2022,1,Finland,Russia,35.0
2218,2022,1,Hungary,Russia,29.0
2195,2022,1,Austria,Russia,25.0
2240,2022,1,Poland,Russia,25.0
2232,2022,1,Latvia,Russia,24.0
2244,2022,1,Serbia,Russia,24.0
2215,2022,1,Greece,Russia,18.0
2204,2022,1,Czech Republic,Russia,16.0
2216,2022,1,HK,Russia,16.0
2197,2022,1,Belgium,Russia,15.0
2203,2022,1,Cyprus,Russia,15.0
2198,2022,1,Bulgaria,Russia,14.0
2227,2022,1,Kazakhstan,Russia,14.0
2221,2022,1,Israel,Russia,13.0
2254,2022,1,US,Russia,12.0
2226,2022,1,KR,Russia,11.0
2202,2022,1,China,Russia,10.0
2246,2022,1,Sweden,Russia,10.0
2217,2022,1,Croatia,Russia,9.0
2222,2022,1,IN,Russia,9.0
2242,2022,1,QA,Russia,9.0
2243,2022,1,Romania,Russia,6.0
2250,2022,1,TH,Russia,6.0
2206,2022,1,Denmark,Russia,5.0
2225,2022,1,JP,Russia,5.0
2238,2022,1,Norway,Russia,5.0
2247,2022,1,SG,Russia,5.0
2248,2022,1,Slovenia,Russia,5.0
2209,2022,1,Estonia,Russia,4.0
2241,2022,1,Portugal,Russia,4.0
2220,2022,1,Ireland,Russia,3.0
2231,2022,1,Luxembourg,Russia,3.0
2236,2022,1,MX,Russia,3.0
2256,2022,1,VN,Russia,2.0
2208,2022,1,DZ,Russia,1.0
2219,2022,1,ID,Russia,1.0
2228,2022,1,LB,Russia,1.0
2230,2022,1,Lithuania,Russia,1.0
2253,2022,1,Ukraine,Russia,1.0
2257,2022,2,UAE,Russia,128.0
2270,2022,2,Germany,Russia,126.0
2317,2022,2,Turkey,Russia,114.0
2264,2022,2,Belarus,Russia,74.0
2277,2022,2,France,Russia,47.0
2288,2022,2,Italy,Russia,44.0
2266,2022,2,Switzerland,Russia,42.0
2276,2022,2,Finland,Russia,37.0
2301,2022,2,Netherlands,Russia,36.0
2278,2022,2,United Kingdom,Russia,35.0
2296,2022,2,Latvia,Russia,33.0
2275,2022,2,Spain,Russia,28.0
2283,2022,2,Hungary,Russia,26.0
2259,2022,2,Austria,Russia,25.0
2291,2022,2,Kazakhstan,Russia,25.0
2285,2022,2,Israel,Russia,22.0
2290,2022,2,KR,Russia,22.0
2304,2022,2,Poland,Russia,21.0
2308,2022,2,Serbia,Russia,21.0
2268,2022,2,Cyprus,Russia,19.0
2262,2022,2,Bulgaria,Russia,15.0
2310,2022,2,Sweden,Russia,11.0
2306,2022,2,QA,Russia,10.0
2320,2022,2,US,Russia,9.0
2261,2022,2,Belgium,Russia,8.0
2269,2022,2,Czech Republic,Russia,8.0
2280,2022,2,Greece,Russia,8.0
2281,2022,2,HK,Russia,8.0
2289,2022,2,JP,Russia,8.0
2267,2022,2,China,Russia,7.0
2274,2022,2,Estonia,Russia,7.0
2307,2022,2,Romania,Russia,6.0
2282,2022,2,Croatia,Russia,5.0
2286,2022,2,IN,Russia,5.0
2294,2022,2,Lithuania,Russia,5.0
2305,2022,2,Portugal,Russia,5.0
2312,2022,2,Slovenia,Russia,5.0
2271,2022,2,Denmark,Russia,2.0
2287,2022,2,Iceland,Russia,2.0
2322,2022,2,VN,Russia,2.0
2260,2022,2,BD,Russia,1.0
2263,2022,2,BH,Russia,1.0
2265,2022,2,CA,Russia,1.0
2273,2022,2,DZ,Russia,1.0
2284,2022,2,Ireland,Russia,1.0
2292,2022,2,LB,Russia,1.0
2295,2022,2,Luxembourg,Russia,1.0
2300,2022,2,MX,Russia,1.0
2303,2022,2,NZ,Russia,1.0
2313,2022,2,Slovakia,Russia,1.0
2315,2022,2,SY,Russia,1.0
2323,2022,3,UAE,Russia,99.0
2383,2022,3,Turkey,Russia,95.0
2333,2022,3,Belarus,Russia,76.0
2376,2022,3,Serbia,Russia,19.0
2359,2022,3,Kazakhstan,Russia,12.0
2374,2022,3,QA,Russia,12.0
2353,2022,3,Israel,Russia,10.0
2354,2022,3,IN,Russia,3.0
2341,2022,3,DZ,Russia,2.0
2358,2022,3,KR,Russia,2.0
2329,2022,3,BD,Russia,1.0
2331,2022,3,Bulgaria,Russia,1.0
2332,2022,3,BH,Russia,1.0
2337,2022,3,Czech Republic,Russia,1.0
2342,2022,3,Estonia,Russia,1.0
2349,2022,3,HK,Russia,1.0
2356,2022,3,Italy,Russia,1.0
2357,2022,3,JP,Russia,1.0
2360,2022,3,LB,Russia,1.0
2365,2022,3,MA,Russia,1.0
2371,2022,3,PH,Russia,1.0
2381,2022,3,Slovakia,Russia,1.0
2386,2022,3,US,Russia,1.0
2440,2022,4,Turkey,Russia,80.0
2395,2022,4,Belarus,Russia,72.0
2389,2022,4,UAE,Russia,51.0
2434,2022,4,Serbia,Russia,8.0
2414,2022,4,Israel,Russia,7.0
2394,2022,4,BH,Russia,3.0
2408,2022,4,Georgia,Russia,3.0
2432,2022,4,QA,Russia,3.0
2420,2022,4,Kazakhstan,Russia,2.0
2397,2022,4,China,Russia,1.0
2400,2022,4,Germany,Russia,1.0
2402,2022,4,DZ,Russia,1.0
2415,2022,4,IN,Russia,1.0
2428,2022,4,Netherlands,Russia,1.0
2500,2022,5,Turkey,Russia,117.0
2453,2022,5,Belarus,Russia,95.0
2446,2022,5,UAE,Russia,68.0
2474,2022,5,Israel,Russia,12.0
2492,2022,5,QA,Russia,9.0
2494,2022,5,Serbia,Russia,7.0
2475,2022,5,IN,Russia,4.0
2468,2022,5,Georgia,Russia,3.0
2480,2022,5,KR,Russia,3.0
2461,2022,5,DZ,Russia,2.0
2452,2022,5,BH,Russia,1.0
2457,2022,5,Cyprus,Russia,1.0
2470,2022,5,HK,Russia,1.0
2471,2022,5,Croatia,Russia,1.0
2477,2022,5,Italy,Russia,1.0
2481,2022,5,Kazakhstan,Russia,1.0
2482,2022,5,Lithuania,Russia,1.0
2515,2022,6,Belarus,Russia,76.0
2507,2022,6,UAE,Russia,74.0
2563,2022,6,Turkey,Russia,72.0
2557,2022,6,Serbia,Russia,14.0
2555,2022,6,QA,Russia,5.0
2542,2022,6,Kazakhstan,Russia,4.0
2530,2022,6,Georgia,Russia,3.0
2536,2022,6,Israel,Russia,3.0
2537,2022,6,IN,Russia,3.0
2514,2022,6,BH,Russia,2.0
2521,2022,6,Germany,Russia,2.0
2511,2022,6,BD,Russia,1.0
2519,2022,6,Cyprus,Russia,1.0
2523,2022,6,DZ,Russia,1.0
2539,2022,6,Italy,Russia,1.0
2541,2022,6,KR,Russia,1.0
2553,2022,6,Poland,Russia,1.0
2569,2022,7,UAE,Russia,91.0
2576,2022,7,Belarus,Russia,87.0
2626,2022,7,Turkey,Russia,77.0
2618,2022,7,Serbia,Russia,8.0
2596,2022,7,Israel,Russia,6.0
2603,2022,7,Kazakhstan,Russia,5.0
2616,2022,7,QA,Russia,4.0
2578,2022,7,China,Russia,3.0
2597,2022,7,IN,Russia,3.0
2602,2022,7,KR,Russia,3.0
2575,2022,7,BH,Russia,2.0
2584,2022,7,DZ,Russia,2.0
2572,2022,7,BD,Russia,1.0
2577,2022,7,Switzerland,Russia,1.0
2580,2022,7,Cyprus,Russia,1.0
2599,2022,7,Italy,Russia,1.0
2624,2022,7,SY,Russia,1.0
2625,2022,7,TH,Russia,1.0
2639,2022,8,Belarus,Russia,114.0
2631,2022,8,UAE,Russia,99.0
2686,2022,8,Turkey,Russia,95.0
2679,2022,8,Serbia,Russia,16.0
2658,2022,8,Israel,Russia,13.0
2659,2022,8,IN,Russia,4.0
2663,2022,8,KR,Russia,4.0
2641,2022,8,China,Russia,3.0
2664,2022,8,Kazakhstan,Russia,3.0
2677,2022,8,QA,Russia,3.0
2637,2022,8,BH,Russia,2.0
2654,2022,8,HK,Russia,2.0
2685,2022,8,TH,Russia,2.0
2646,2022,8,DZ,Russia,1.0
2651,2022,8,France,Russia,1.0
2673,2022,8,Netherlands,Russia,1.0
2684,2022,8,Slovakia,Russia,1.0
2692,2022,9,UAE,Russia,93.0
2698,2022,9,Belarus,Russia,85.0
2745,2022,9,Turkey,Russia,79.0
2719,2022,9,Israel,Russia,13.0
2738,2022,9,Serbia,Russia,11.0
2697,2022,9,BH,Russia,6.0
2720,2022,9,IN,Russia,5.0
2736,2022,9,QA,Russia,5.0
2725,2022,9,Kazakhstan,Russia,3.0
2706,2022,9,DZ,Russia,2.0
2744,2022,9,TH,Russia,2.0
2701,2022,9,China,Russia,1.0
2704,2022,9,Germany,Russia,1.0
2712,2022,9,United Kingdom,Russia,1.0
2713,2022,9,Georgia,Russia,1.0
2715,2022,9,HK,Russia,1.0
2750,2022,10,UAE,Russia,116.0
2804,2022,10,Turkey,Russia,88.0
2758,2022,10,Belarus,Russia,69.0
2798,2022,10,Serbia,Russia,15.0
2796,2022,10,QA,Russia,8.0
2779,2022,10,Israel,Russia,6.0
2756,2022,10,BH,Russia,5.0
2803,2022,10,TH,Russia,4.0
2780,2022,10,IN,Russia,3.0
2785,2022,10,Kazakhstan,Russia,3.0
2775,2022,10,HK,Russia,2.0
2784,2022,10,KR,Russia,2.0
2757,2022,10,BR,Russia,1.0
2761,2022,10,China,Russia,1.0
2766,2022,10,DZ,Russia,1.0
2774,2022,10,GT,Russia,1.0
2792,2022,10,Netherlands,Russia,1.0
2810,2022,11,UAE,Russia,63.0
2864,2022,11,Turkey,Russia,59.0
2819,2022,11,Belarus,Russia,47.0
2840,2022,11,Israel,Russia,10.0
2858,2022,11,Serbia,Russia,8.0
2856,2022,11,QA,Russia,6.0
2863,2022,11,TH,Russia,6.0
2817,2022,11,BH,Russia,3.0
2834,2022,11,Georgia,Russia,2.0
2818,2022,11,BR,Russia,1.0
2827,2022,11,DZ,Russia,1.0
2846,2022,11,Kazakhstan,Russia,1.0
2852,2022,11,Netherlands,Russia,1.0
