admin3,event_type,year,fatalities
Abrykosivska,Explosions/Remote violence,2023,0
Adzhamska,Explosions/Remote violence,2022,10
Adzhamska,Explosions/Remote violence,2023,0
Alchevska,Battles,2021,0
Alchevska,Battles,2022,0
Alchevska,Battles,2023,8
Alchevska,Battles,2024,2
Alchevska,Explosions/Remote violence,2020,0
Alchevska,Explosions/Remote violence,2021,0
Alchevska,Explosions/Remote violence,2022,27
Alchevska,Explosions/Remote violence,2023,10
Alupkynska,Explosions/Remote violence,2024,2
Alushtynska,Explosions/Remote violence,2023,0
Amvrosiivska,Explosions/Remote violence,2022,8
Amvrosiivska,Explosions/Remote violence,2023,0
Amvrosiivska,Explosions/Remote violence,2024,0
Andriiashivska,Explosions/Remote violence,2024,0
Andriivska,Battles,2024,0
Andriivska,Explosions/Remote violence,2022,0
Andriivska,Explosions/Remote violence,2023,3
Andriivska,Explosions/Remote violence,2024,0
Andrivska,Explosions/Remote violence,2022,0
Andrivska,Explosions/Remote violence,2023,0
Antratsytivska,Explosions/Remote violence,2024,0
Apostolivska,Battles,2022,0
Apostolivska,Explosions/Remote violence,2022,11
Apostolivska,Explosions/Remote violence,2024,0
Arbuzynska,Explosions/Remote violence,2022,0
Armianska,Explosions/Remote violence,2023,0
Armianska,Explosions/Remote violence,2024,3
Artsyzka,Explosions/Remote violence,2022,0
Askaniia-Nova,Explosions/Remote violence,2022,0
Askaniia-Nova,Explosions/Remote violence,2023,0
Askaniia-Nova,Explosions/Remote violence,2024,0
Avanhardivska,Explosions/Remote violence,2022,0
Avdiivska,Battles,2020,5
Avdiivska,Battles,2021,2
Avdiivska,Battles,2022,75
Avdiivska,Battles,2023,904
Avdiivska,Battles,2024,13
Avdiivska,Explosions/Remote violence,2020,0
Avdiivska,Explosions/Remote violence,2021,3
Avdiivska,Explosions/Remote violence,2022,390
Avdiivska,Explosions/Remote violence,2023,53
Avdiivska,Explosions/Remote violence,2024,7
Baherivska,Explosions/Remote violence,2023,0
Bakhchysaraiska,Explosions/Remote violence,2022,0
Bakhchysaraiska,Explosions/Remote violence,2023,0
Bakhchysaraiska,Explosions/Remote violence,2024,10
Bakhmatska,Explosions/Remote violence,2022,1
Bakhmatska,Explosions/Remote violence,2023,0
Bakhmatska,Explosions/Remote violence,2024,0
Bakhmutska,Battles,2022,339
Bakhmutska,Battles,2023,5027
Bakhmutska,Battles,2024,472
Bakhmutska,Explosions/Remote violence,2020,0
Bakhmutska,Explosions/Remote violence,2022,354
Bakhmutska,Explosions/Remote violence,2023,85
Bakhmutska,Explosions/Remote violence,2024,60
Balakliiska,Battles,2022,19
Balakliiska,Explosions/Remote violence,2022,75
Balakliiska,Explosions/Remote violence,2023,5
Balakliiska,Explosions/Remote violence,2024,6
Barska,Explosions/Remote violence,2024,1
Barvinkivska,Battles,2022,50
Barvinkivska,Battles,2023,0
Barvinkivska,Explosions/Remote violence,2022,21
Barvinkivska,Explosions/Remote violence,2023,5
Barvinkivska,Explosions/Remote violence,2024,2
Baryshivska,Battles,2022,81
Baryshivska,Explosions/Remote violence,2022,17
Baryshivska,Explosions/Remote violence,2024,1
Bashtanska,Battles,2022,0
Bashtanska,Explosions/Remote violence,2022,40
Bashtanska,Explosions/Remote violence,2023,1
Bashtanska,Explosions/Remote violence,2024,0
Baturynska,Battles,2022,0
Bekhterska,Battles,2024,25
Bekhterska,Explosions/Remote violence,2022,0
Bekhterska,Explosions/Remote violence,2023,0
Berdianska,Battles,2022,1
Berdianska,Battles,2023,4
Berdianska,Explosions/Remote violence,2022,64
Berdianska,Explosions/Remote violence,2023,48
Berdianska,Explosions/Remote violence,2024,7
Berdychivska,Explosions/Remote violence,2022,0
Berdychivska,Explosions/Remote violence,2024,0
Berehivska,Explosions/Remote violence,2021,0
Berezanska,Battles,2022,0
Berezanska,Explosions/Remote violence,2022,0
Berezanska,Explosions/Remote violence,2023,4
Berezivska,Explosions/Remote violence,2022,0
Berezivska,Explosions/Remote violence,2023,0
Berezivska,Explosions/Remote violence,2024,1
Bereznehuvatska,Battles,2022,10
Bereznehuvatska,Explosions/Remote violence,2022,92
Bereznehuvatska,Explosions/Remote violence,2023,1
Bereznehuvatska,Explosions/Remote violence,2024,0
Beryslavska,Battles,2022,157
Beryslavska,Explosions/Remote violence,2022,165
Beryslavska,Explosions/Remote violence,2023,80
Beryslavska,Explosions/Remote violence,2024,112
Bezdrytska,Explosions/Remote violence,2024,2
Bezliudivska,Explosions/Remote violence,2022,3
Bezliudivska,Explosions/Remote violence,2023,1
Bezliudivska,Explosions/Remote violence,2024,1
Bilenkivska,Battles,2022,42
Bilenkivska,Explosions/Remote violence,2022,0
Bilenkivska,Explosions/Remote violence,2023,4
Bilenkivska,Explosions/Remote violence,2024,3
Bilhorod-Dnistrovska,Explosions/Remote violence,2022,0
Bilhorod-Dnistrovska,Explosions/Remote violence,2023,0
Bilhorod-Dnistrovska,Explosions/Remote violence,2024,0
Biliaivska,Explosions/Remote violence,2022,1
Bilmatska,Battles,2023,0
Bilmatska,Battles,2024,0
Bilmatska,Explosions/Remote violence,2022,25
Bilmatska,Explosions/Remote violence,2023,0
Bilmatska,Explosions/Remote violence,2024,0
Bilohirska,Explosions/Remote violence,2024,0
Bilohorodska,Battles,2022,0
Bilohorodska,Explosions/Remote violence,2022,0
Bilokrynytska,Explosions/Remote violence,2022,9
Bilokurakynska,Battles,2023,7
Bilokurakynska,Battles,2024,2
Bilokurakynska,Explosions/Remote violence,2022,0
Bilokurakynska,Explosions/Remote violence,2023,0
Bilopilska,Battles,2022,0
Bilopilska,Battles,2024,0
Bilopilska,Explosions/Remote violence,2022,6
Bilopilska,Explosions/Remote violence,2023,8
Bilopilska,Explosions/Remote violence,2024,117
Bilotserkivska,Explosions/Remote violence,2022,0
Bilotserkivska,Explosions/Remote violence,2023,0
Bilotserkivska,Explosions/Remote violence,2024,0
Bilovodska,Battles,2022,0
Bilovodska,Explosions/Remote violence,2023,0
Bilozerska,Battles,2022,56
Bilozerska,Battles,2023,4
Bilozerska,Battles,2024,30
Bilozerska,Explosions/Remote violence,2022,55
Bilozerska,Explosions/Remote violence,2023,32
Bilozerska,Explosions/Remote violence,2024,90
Blahodatnenska,Battles,2022,0
Blahodatnenska,Explosions/Remote violence,2022,10
Blahovishchenska,Explosions/Remote violence,2022,3
Blahovishchenska,Explosions/Remote violence,2023,0
Blahovishchenska,Explosions/Remote violence,2024,0
Blyzniukivska,Explosions/Remote violence,2022,0
Blyzniukivska,Explosions/Remote violence,2023,0
Blyzniukivska,Explosions/Remote violence,2024,5
Bobrovytska,Battles,2022,0
Bobrovytska,Explosions/Remote violence,2022,1
Bobrovytska,Explosions/Remote violence,2023,0
Bobrovytska,Explosions/Remote violence,2024,0
Bochechkivska,Explosions/Remote violence,2024,0
Bohodukhivska,Battles,2022,2
Bohodukhivska,Explosions/Remote violence,2022,113
Bohodukhivska,Explosions/Remote violence,2023,1
Bohodukhivska,Explosions/Remote violence,2024,2
Boiarska,Explosions/Remote violence,2022,0
Boikivska,Battles,2020,0
Boikivska,Battles,2021,1
Boikivska,Battles,2022,10
Boikivska,Battles,2023,5
Boikivska,Battles,2024,5
Boikivska,Explosions/Remote violence,2020,0
Boikivska,Explosions/Remote violence,2021,0
Boikivska,Explosions/Remote violence,2022,1
Boikivska,Explosions/Remote violence,2023,2
Boikivska,Explosions/Remote violence,2024,0
Bolhradska,Explosions/Remote violence,2024,0
Borivska,Battles,2022,4
Borivska,Battles,2023,16
Borivska,Battles,2024,185
Borivska,Explosions/Remote violence,2022,50
Borivska,Explosions/Remote violence,2023,38
Borivska,Explosions/Remote violence,2024,106
Borodianska,Battles,2022,20
Borodianska,Explosions/Remote violence,2022,34
Boromlianska,Battles,2022,0
Boromlianska,Explosions/Remote violence,2023,0
Boromlianska,Explosions/Remote violence,2024,0
Borozenska,Battles,2022,38
Borozenska,Explosions/Remote violence,2022,42
Borozenska,Explosions/Remote violence,2023,2
Borozenska,Explosions/Remote violence,2024,5
Borshchahivska,Explosions/Remote violence,2022,0
Boryspilska,Battles,2022,0
Boryspilska,Explosions/Remote violence,2024,0
Borznianska,Explosions/Remote violence,2022,0
Borznianska,Explosions/Remote violence,2024,0
Brodivska,Explosions/Remote violence,2022,0
Brovarska,Battles,2022,30
Brovarska,Explosions/Remote violence,2022,7
Brovarska,Explosions/Remote violence,2023,0
Brovarska,Explosions/Remote violence,2024,2
Brusylivska,Explosions/Remote violence,2022,0
Buchanska,Battles,2022,23
Buchanska,Explosions/Remote violence,2022,21
Buchanska,Explosions/Remote violence,2023,0
Buchanska,Explosions/Remote violence,2024,0
Burshtynska,Explosions/Remote violence,2022,0
Burshtynska,Explosions/Remote violence,2024,0
Burynska,Battles,2022,0
Burynska,Explosions/Remote violence,2022,0
Burynska,Explosions/Remote violence,2023,0
Burynska,Explosions/Remote violence,2024,3
Buska,Explosions/Remote violence,2023,0
Buska,Explosions/Remote violence,2024,0
Buzka,Explosions/Remote violence,2022,0
Byshivska,Battles,2022,15
Byshivska,Explosions/Remote violence,2022,0
Chabanivska,Explosions/Remote violence,2022,0
Chaikynska,Explosions/Remote violence,2024,0
Chaplynska,Battles,2022,0
Chaplynska,Explosions/Remote violence,2022,60
Chaplynska,Explosions/Remote violence,2023,1
Chaplynska,Explosions/Remote violence,2024,0
Chasovoiarska,Battles,2022,10
Chasovoiarska,Battles,2023,207
Chasovoiarska,Battles,2024,431
Chasovoiarska,Explosions/Remote violence,2022,121
Chasovoiarska,Explosions/Remote violence,2023,135
Chasovoiarska,Explosions/Remote violence,2024,107
Cherkaska,Battles,2022,0
Cherkaska,Explosions/Remote violence,2022,19
Cherkaska,Explosions/Remote violence,2023,0
Cherkaska,Explosions/Remote violence,2024,3
Chernechchynska,Battles,2022,2
Chernechchynska,Explosions/Remote violence,2023,0
Chernechchynska,Explosions/Remote violence,2024,0
Cherniakhivska,Explosions/Remote violence,2022,4
Chernihivska,Battles,2022,116
Chernihivska,Explosions/Remote violence,2022,183
Chernihivska,Explosions/Remote violence,2023,10
Chernihivska,Explosions/Remote violence,2024,20
Chervonohradska,Explosions/Remote violence,2022,0
Chervonohradska,Explosions/Remote violence,2024,1
Chervonohryhorivska,Explosions/Remote violence,2022,12
Chervonohryhorivska,Explosions/Remote violence,2023,3
Chervonohryhorivska,Explosions/Remote violence,2024,5
Chkalovska,Battles,2022,0
Chkalovska,Explosions/Remote violence,2022,16
Chkalovska,Explosions/Remote violence,2023,10
Chkalovska,Explosions/Remote violence,2024,0
Chmyrivska,Battles,2022,0
Chmyrivska,Battles,2023,18
Chmyrivska,Battles,2024,3
Chmyrivska,Explosions/Remote violence,2021,1
Chmyrivska,Explosions/Remote violence,2022,0
Chmyrivska,Explosions/Remote violence,2023,5
Chmyrivska,Explosions/Remote violence,2024,2
Chornobaivska,Battles,2022,41
Chornobaivska,Battles,2023,0
Chornobaivska,Explosions/Remote violence,2022,243
Chornobaivska,Explosions/Remote violence,2023,21
Chornobaivska,Explosions/Remote violence,2024,1
Chornobylska Zona Vidchuzhennia,Battles,2022,0
Chornobylska Zona Vidchuzhennia,Explosions/Remote violence,2022,4
Chornomorska,Explosions/Remote violence,2022,0
Chornomorska,Explosions/Remote violence,2023,2
Chornomorska,Explosions/Remote violence,2024,0
Chornomorska (miska),Explosions/Remote violence,2022,0
Chornomorska (miska),Explosions/Remote violence,2023,0
Chornomorska (miska),Explosions/Remote violence,2024,2
Chornomorska (selyshchna),Explosions/Remote violence,2022,2
Chornomorska (selyshchna),Explosions/Remote violence,2023,0
Chornomorska (selyshchna),Explosions/Remote violence,2024,0
Chortkivska,Explosions/Remote violence,2022,0
Chudnivska,Explosions/Remote violence,2022,0
Chudnivska,Explosions/Remote violence,2023,0
Chuhuivska,Battles,2022,10
Chuhuivska,Explosions/Remote violence,2022,89
Chuhuivska,Explosions/Remote violence,2023,0
Chuhuivska,Explosions/Remote violence,2024,4
Chulakivska,Battles,2022,10
Chulakivska,Battles,2023,0
Chulakivska,Explosions/Remote violence,2022,323
Chulakivska,Explosions/Remote violence,2023,0
Chulakivska,Explosions/Remote violence,2024,0
Chupakhivska,Explosions/Remote violence,2022,0
Chupakhivska,Explosions/Remote violence,2023,0
Chupakhivska,Explosions/Remote violence,2024,0
Chyhyrynska,Explosions/Remote violence,2022,10
Chystenska,Explosions/Remote violence,2023,0
Chystiakivska,Battles,2021,0
Chystiakivska,Explosions/Remote violence,2021,0
Chystiakivska,Explosions/Remote violence,2022,0
Chystiakivska,Explosions/Remote violence,2023,0
Dachnenska,Explosions/Remote violence,2022,104
Dalnytska,Explosions/Remote violence,2022,1
Dalnytska,Explosions/Remote violence,2023,0
Darivska,Battles,2022,50
Darivska,Battles,2023,0
Darivska,Battles,2024,80
Darivska,Explosions/Remote violence,2022,160
Darivska,Explosions/Remote violence,2023,18
Darivska,Explosions/Remote violence,2024,328
Debaltsivska,Battles,2020,1
Debaltsivska,Battles,2021,7
Debaltsivska,Battles,2022,0
Debaltsivska,Battles,2023,0
Debaltsivska,Battles,2024,0
Debaltsivska,Explosions/Remote violence,2020,0
Debaltsivska,Explosions/Remote violence,2021,1
Debaltsivska,Explosions/Remote violence,2022,0
Debaltsivska,Explosions/Remote violence,2023,0
Debaltsivska,Explosions/Remote violence,2024,1
Deliatynska,Explosions/Remote violence,2022,0
Derazhnianska,Explosions/Remote violence,2023,0
Derhachivska,Battles,2022,71
Derhachivska,Battles,2024,203
Derhachivska,Explosions/Remote violence,2022,81
Derhachivska,Explosions/Remote violence,2023,5
Derhachivska,Explosions/Remote violence,2024,189
Desnianska,Explosions/Remote violence,2022,87
Dmytrivska,Battles,2022,0
Dmytrivska,Explosions/Remote violence,2022,19
Dmytrivska,Explosions/Remote violence,2024,0
Dniprorudnenska,Explosions/Remote violence,2022,0
Dniprorudnenska,Explosions/Remote violence,2023,0
Dniprorudnenska,Explosions/Remote violence,2024,0
Dniprovska,Explosions/Remote violence,2022,32
Dniprovska,Explosions/Remote violence,2023,64
Dniprovska,Explosions/Remote violence,2024,29
Dobrianska,Battles,2022,0
Dobrianska,Explosions/Remote violence,2022,0
Dobrianska,Explosions/Remote violence,2023,0
Dobrianska,Explosions/Remote violence,2024,0
Dobrivska,Explosions/Remote violence,2023,3
Dobrivska,Explosions/Remote violence,2024,0
Dobropilska,Battles,2022,0
Dobropilska,Battles,2023,0
Dobropilska,Battles,2024,19
Dobropilska,Explosions/Remote violence,2022,6
Dobropilska,Explosions/Remote violence,2023,3
Dobropilska,Explosions/Remote violence,2024,10
Dobroslavska,Explosions/Remote violence,2022,0
Dobrotvirska,Explosions/Remote violence,2024,0
Dokuchaievska,Battles,2020,1
Dokuchaievska,Battles,2021,0
Dokuchaievska,Battles,2022,7
Dokuchaievska,Battles,2024,3
Dokuchaievska,Explosions/Remote violence,2020,2
Dokuchaievska,Explosions/Remote violence,2021,0
Dokuchaievska,Explosions/Remote violence,2022,63
Dokuchaievska,Explosions/Remote violence,2023,11
Dokuchaievska,Explosions/Remote violence,2024,4
Dolmativska,Explosions/Remote violence,2022,0
Dolynska,Battles,2023,0
Dolynska,Explosions/Remote violence,2022,0
Dolynska,Explosions/Remote violence,2023,0
Dolynska,Explosions/Remote violence,2024,0
Domanivska,Explosions/Remote violence,2022,0
Donetska,Battles,2020,2
Donetska,Battles,2021,4
Donetska,Battles,2022,856
Donetska,Battles,2023,493
Donetska,Battles,2024,8
Donetska,Explosions/Remote violence,2020,2
Donetska,Explosions/Remote violence,2021,18
Donetska,Explosions/Remote violence,2022,378
Donetska,Explosions/Remote violence,2023,201
Donetska,Explosions/Remote violence,2024,171
Donska,Explosions/Remote violence,2024,0
Dovzhanska,Battles,2021,0
Dovzhanska,Battles,2022,0
Dovzhanska,Battles,2023,5
Dovzhanska,Battles,2024,2
Dovzhanska,Explosions/Remote violence,2020,0
Dovzhanska,Explosions/Remote violence,2022,0
Dovzhanska,Explosions/Remote violence,2023,0
Dovzhanska,Explosions/Remote violence,2024,3
Drohobytska,Explosions/Remote violence,2023,0
Drohobytska,Explosions/Remote violence,2024,0
Druzhbivska,Battles,2024,0
Druzhbivska,Explosions/Remote violence,2022,0
Druzhbivska,Explosions/Remote violence,2023,0
Druzhbivska,Explosions/Remote violence,2024,0
Druzhkivska,Battles,2022,0
Druzhkivska,Battles,2023,0
Druzhkivska,Battles,2024,9
Druzhkivska,Explosions/Remote violence,2022,13
Druzhkivska,Explosions/Remote violence,2023,6
Druzhkivska,Explosions/Remote violence,2024,10
Dubenska,Battles,2022,0
Dubenska,Explosions/Remote violence,2022,0
Dubenska,Explosions/Remote violence,2023,0
Dubivska,Explosions/Remote violence,2022,1
Duboviazivska,Explosions/Remote violence,2022,0
Duboviazivska,Explosions/Remote violence,2024,0
Dubovykivska,Explosions/Remote violence,2022,25
Dubovykivska,Explosions/Remote violence,2023,2
Dubrovytska,Explosions/Remote violence,2023,1
Dvorichanska,Battles,2022,36
Dvorichanska,Battles,2023,198
Dvorichanska,Battles,2024,127
Dvorichanska,Explosions/Remote violence,2022,86
Dvorichanska,Explosions/Remote violence,2023,512
Dvorichanska,Explosions/Remote violence,2024,89
Dymerska,Battles,2022,0
Dymerska,Explosions/Remote violence,2022,2
Dzhankoiska,Explosions/Remote violence,2022,0
Dzhankoiska,Explosions/Remote violence,2023,23
Dzhankoiska,Explosions/Remote violence,2024,30
Enerhodarska,Battles,2022,168
Enerhodarska,Explosions/Remote violence,2022,193
Enerhodarska,Explosions/Remote violence,2023,2
Enerhodarska,Explosions/Remote violence,2024,5
Esmanska,Battles,2024,4
Esmanska,Explosions/Remote violence,2022,0
Esmanska,Explosions/Remote violence,2023,2
Esmanska,Explosions/Remote violence,2024,28
Fastivska,Battles,2022,0
Fastivska,Explosions/Remote violence,2022,0
Fastivska,Explosions/Remote violence,2023,0
Fedorivska,Battles,2022,0
Fedorivska,Battles,2023,15
Fedorivska,Battles,2024,6
Fedorivska,Explosions/Remote violence,2022,8
Fedorivska,Explosions/Remote violence,2023,2
Fedorivska,Explosions/Remote violence,2024,10
Feodosiiska,Explosions/Remote violence,2023,74
Feodosiiska,Explosions/Remote violence,2024,0
Fontanska,Explosions/Remote violence,2022,0
Frunzenska,Explosions/Remote violence,2022,0
Haisynska,Explosions/Remote violence,2024,0
Haivoronska,Explosions/Remote violence,2023,0
Halytska,Explosions/Remote violence,2024,0
Halytsynivska,Battles,2022,2
Halytsynivska,Explosions/Remote violence,2022,21
Halytsynivska,Explosions/Remote violence,2023,0
Halytsynivska,Explosions/Remote violence,2024,0
Hatnenska,Explosions/Remote violence,2022,1
Henicheska,Battles,2022,10
Henicheska,Explosions/Remote violence,2022,27
Henicheska,Explosions/Remote violence,2023,16
Henicheska,Explosions/Remote violence,2024,0
Hirska,Battles,2020,4
Hirska,Battles,2021,4
Hirska,Battles,2022,59
Hirska,Battles,2024,0
Hirska,Explosions/Remote violence,2020,9
Hirska,Explosions/Remote violence,2021,2
Hirska,Explosions/Remote violence,2022,18
Hirska,Explosions/Remote violence,2023,0
Hlevakhivska,Explosions/Remote violence,2022,5
Hlevakhivska,Explosions/Remote violence,2024,0
Hlukhivska,Battles,2022,0
Hlukhivska,Battles,2024,3
Hlukhivska,Explosions/Remote violence,2022,4
Hlukhivska,Explosions/Remote violence,2023,0
Hlukhivska,Explosions/Remote violence,2024,34
Hoholivska,Explosions/Remote violence,2023,4
Holoprystanska,Battles,2022,120
Holoprystanska,Battles,2023,21
Holoprystanska,Battles,2024,0
Holoprystanska,Explosions/Remote violence,2022,92
Holoprystanska,Explosions/Remote violence,2023,43
Holoprystanska,Explosions/Remote violence,2024,13
Holovanivska,Explosions/Remote violence,2022,0
Holovanivska,Explosions/Remote violence,2024,0
Honcharivska,Explosions/Remote violence,2022,3
Honcharivska,Explosions/Remote violence,2023,2
Horishnoplavnivska,Explosions/Remote violence,2023,0
Horishnoplavnivska,Explosions/Remote violence,2024,0
Horlivska,Battles,2020,0
Horlivska,Battles,2021,2
Horlivska,Battles,2022,16
Horlivska,Battles,2023,41
Horlivska,Battles,2024,77
Horlivska,Explosions/Remote violence,2020,4
Horlivska,Explosions/Remote violence,2021,6
Horlivska,Explosions/Remote violence,2022,401
Horlivska,Explosions/Remote violence,2023,36
Horlivska,Explosions/Remote violence,2024,94
Hornostaivska,Explosions/Remote violence,2022,134
Hornostaivska,Explosions/Remote violence,2023,1
Hornostaivska,Explosions/Remote violence,2024,13
Horodnianska,Battles,2022,10
Horodnianska,Explosions/Remote violence,2022,2
Horodnianska,Explosions/Remote violence,2023,0
Horodnianska,Explosions/Remote violence,2024,0
Horokhivska,Battles,2022,0
Horokhivska,Explosions/Remote violence,2022,13
Horokhivska,Explosions/Remote violence,2023,3
Horokhivska,Explosions/Remote violence,2024,0
Hostomelska,Battles,2022,60
Hostomelska,Explosions/Remote violence,2022,1
Hrebinkivska,Explosions/Remote violence,2023,0
Hrebinkivska,Explosions/Remote violence,2024,0
Hrodivska,Battles,2022,0
Hrodivska,Battles,2023,1
Hrodivska,Battles,2024,6733
Hrodivska,Explosions/Remote violence,2022,5
Hrodivska,Explosions/Remote violence,2023,3
Hrodivska,Explosions/Remote violence,2024,128
Hrunska,Explosions/Remote violence,2024,0
Hrushivska,Battles,2022,0
Hrushivska,Explosions/Remote violence,2022,0
Hrushivska,Explosions/Remote violence,2023,0
Hrushivska,Explosions/Remote violence,2024,0
Hryshynska,Explosions/Remote violence,2024,0
Hubynyska,Explosions/Remote violence,2022,10
Huliaipilska,Battles,2022,51
Huliaipilska,Battles,2023,128
Huliaipilska,Battles,2024,66
Huliaipilska,Explosions/Remote violence,2022,69
Huliaipilska,Explosions/Remote violence,2023,150
Huliaipilska,Explosions/Remote violence,2024,159
Hurivska,Explosions/Remote violence,2022,0
Hurzufska,Explosions/Remote violence,2023,0
Ichnianska,Explosions/Remote violence,2022,10
Ichnianska,Explosions/Remote violence,2024,0
Ilarionivska,Explosions/Remote violence,2022,0
Ilarionivska,Explosions/Remote violence,2023,0
Illinivska,Battles,2022,10
Illinivska,Battles,2023,2
Illinivska,Battles,2024,200
Illinivska,Explosions/Remote violence,2020,0
Illinivska,Explosions/Remote violence,2022,2
Illinivska,Explosions/Remote violence,2023,10
Illinivska,Explosions/Remote violence,2024,87
Ilovaiska,Explosions/Remote violence,2022,0
Ilovaiska,Explosions/Remote violence,2023,0
Inhulska,Battles,2022,0
Inhulska,Explosions/Remote violence,2022,0
Inhulska,Explosions/Remote violence,2023,0
Irpinska,Battles,2022,70
Irpinska,Explosions/Remote violence,2022,14
Irpinska,Explosions/Remote violence,2024,0
Ivanivska,Battles,2022,0
Ivanivska,Explosions/Remote violence,2022,15
Ivanivska,Explosions/Remote violence,2023,5
Ivanivska,Explosions/Remote violence,2024,8
Ivankivska,Battles,2022,0
Ivankivska,Explosions/Remote violence,2022,3
Ivankivska,Explosions/Remote violence,2023,1
Ivano-Frankivska,Explosions/Remote violence,2022,0
Ivano-Frankivska,Explosions/Remote violence,2023,0
Ivano-Frankivska,Explosions/Remote violence,2024,0
Iziumska,Battles,2022,59
Iziumska,Battles,2023,2
Iziumska,Explosions/Remote violence,2022,186
Iziumska,Explosions/Remote violence,2023,2
Iziumska,Explosions/Remote violence,2024,2
Izmailska,Explosions/Remote violence,2022,0
Izmailska,Explosions/Remote violence,2023,2
Izmailska,Explosions/Remote violence,2024,13
Izumrudnivska,Explosions/Remote violence,2023,0
Izumrudnivska,Explosions/Remote violence,2024,0
Kadiivska,Battles,2020,0
Kadiivska,Battles,2021,4
Kadiivska,Battles,2022,51
Kadiivska,Battles,2023,1
Kadiivska,Battles,2024,2
Kadiivska,Explosions/Remote violence,2020,7
Kadiivska,Explosions/Remote violence,2021,2
Kadiivska,Explosions/Remote violence,2022,301
Kadiivska,Explosions/Remote violence,2023,6
Kadiivska,Explosions/Remote violence,2024,8
Kaharlytska,Explosions/Remote violence,2022,0
Kakhovska,Battles,2022,0
Kakhovska,Explosions/Remote violence,2022,183
Kakhovska,Explosions/Remote violence,2023,46
Kakhovska,Explosions/Remote violence,2024,1
Kalanchatska,Explosions/Remote violence,2022,0
Kalanchatska,Explosions/Remote violence,2023,0
Kalchytska,Explosions/Remote violence,2020,0
Kalchytska,Explosions/Remote violence,2022,3
Kalchytska,Explosions/Remote violence,2024,0
Kalmiuska,Battles,2021,0
Kalmiuska,Battles,2022,0
Kalmiuska,Battles,2024,0
Kalmiuska,Explosions/Remote violence,2021,0
Kalmiuska,Explosions/Remote violence,2022,0
Kalmiuska,Explosions/Remote violence,2023,27
Kalmiuska,Explosions/Remote violence,2024,0
Kaluska,Explosions/Remote violence,2023,0
Kalynivska,Battles,2022,141
Kalynivska,Explosions/Remote violence,2022,85
Kalynivska,Explosions/Remote violence,2023,0
Kalynivska,Explosions/Remote violence,2024,0
Kalytianska,Battles,2022,3
Kalytianska,Explosions/Remote violence,2022,0
Kalytianska,Explosions/Remote violence,2024,1
Kamianets-Podilska,Explosions/Remote violence,2023,0
Kamianka-Buzka,Explosions/Remote violence,2022,0
Kamianska,Battles,2022,0
Kamianska,Explosions/Remote violence,2022,0
Kamianska,Explosions/Remote violence,2023,0
Kamianska,Explosions/Remote violence,2024,1
Kamiansko-Dniprovska,Battles,2022,0
Kamiansko-Dniprovska,Explosions/Remote violence,2022,10
Kamiansko-Dniprovska,Explosions/Remote violence,2023,0
Kamiansko-Dniprovska,Explosions/Remote violence,2024,6
Kanivska,Explosions/Remote violence,2022,0
Kanivska,Explosions/Remote violence,2024,0
Karlivska,Explosions/Remote violence,2022,0
Karolino-Buhazka,Explosions/Remote violence,2022,4
Karolino-Buhazka,Explosions/Remote violence,2023,0
Karolino-Buhazka,Explosions/Remote violence,2024,0
Karpivska,Explosions/Remote violence,2022,10
Karpivska,Explosions/Remote violence,2023,0
Katerynopilska,Explosions/Remote violence,2024,0
Kazankivska,Battles,2022,0
Kazankivska,Explosions/Remote violence,2022,0
Kazankivska,Explosions/Remote violence,2024,0
Kehychivska,Explosions/Remote violence,2024,0
Kerchenska,Explosions/Remote violence,2022,4
Kerchenska,Explosions/Remote violence,2023,0
Kerchenska,Explosions/Remote violence,2024,0
Keretskivska,Explosions/Remote violence,2023,2
Ketrysanivska,Explosions/Remote violence,2022,0
Kharkivska,Battles,2022,168
Kharkivska,Battles,2024,178
Kharkivska,Explosions/Remote violence,2021,0
Kharkivska,Explosions/Remote violence,2022,1001
Kharkivska,Explosions/Remote violence,2023,11
Kharkivska,Explosions/Remote violence,2024,128
Khartsyzka,Explosions/Remote violence,2022,0
Khartsyzka,Explosions/Remote violence,2023,0
Khartsyzka,Explosions/Remote violence,2024,0
Khersonska,Battles,2022,6549
Khersonska,Battles,2023,9642
Khersonska,Battles,2024,21965
Khersonska,Explosions/Remote violence,2022,949
Khersonska,Explosions/Remote violence,2023,701
Khersonska,Explosions/Remote violence,2024,929
Khlibodarivska,Battles,2022,50
Khlibodarivska,Battles,2023,0
Khlibodarivska,Battles,2024,10
Khlibodarivska,Explosions/Remote violence,2021,1
Khlibodarivska,Explosions/Remote violence,2022,4
Khlibodarivska,Explosions/Remote violence,2023,3
Khlibodarivska,Explosions/Remote violence,2024,1
Khmelnytska,Battles,2024,0
Khmelnytska,Explosions/Remote violence,2022,1
Khmelnytska,Explosions/Remote violence,2023,2
Khmelnytska,Explosions/Remote violence,2024,5
Khodorivska,Explosions/Remote violence,2024,0
Kholmynska,Explosions/Remote violence,2024,0
Khotinska,Battles,2024,2
Khotinska,Explosions/Remote violence,2022,0
Khotinska,Explosions/Remote violence,2023,1
Khotinska,Explosions/Remote violence,2024,215
Khotynska,Explosions/Remote violence,2023,0
Khrestivska,Battles,2023,7
Khrestivska,Explosions/Remote violence,2022,0
Khrestivska,Explosions/Remote violence,2023,1
Khrustalnenska,Battles,2022,0
Khrustalnenska,Explosions/Remote violence,2020,2
Khrustalnenska,Explosions/Remote violence,2021,0
Khrustalnenska,Explosions/Remote violence,2022,0
Khrustalnenska,Explosions/Remote violence,2023,0
Kiliiska,Explosions/Remote violence,2023,0
Kindrashivska,Battles,2022,3
Kindrashivska,Battles,2023,0
Kindrashivska,Battles,2024,5
Kindrashivska,Explosions/Remote violence,2022,15
Kindrashivska,Explosions/Remote violence,2023,0
Kindrashivska,Explosions/Remote violence,2024,24
Kindrativska,Explosions/Remote violence,2024,0
Kiptivska,Explosions/Remote violence,2023,0
Kiptivska,Explosions/Remote violence,2024,0
Kirovska,Explosions/Remote violence,2023,0
Kirovska,Explosions/Remote violence,2024,0
Klevanska,Explosions/Remote violence,2022,0
Koblivska,Battles,2022,45
Koblivska,Explosions/Remote violence,2022,4
Koblivska,Explosions/Remote violence,2023,0
Koblivska,Explosions/Remote violence,2024,0
Kochubeivska,Battles,2022,0
Kochubeivska,Explosions/Remote violence,2022,4
Kochubeivska,Explosions/Remote violence,2023,2
Kochubeivska,Explosions/Remote violence,2024,0
Kolarivska,Explosions/Remote violence,2024,0
Kolodiazianska,Explosions/Remote violence,2023,0
Kolomyichyska,Battles,2022,263
Kolomyichyska,Battles,2023,569
Kolomyichyska,Battles,2024,209
Kolomyichyska,Explosions/Remote violence,2022,75
Kolomyichyska,Explosions/Remote violence,2023,358
Kolomyichyska,Explosions/Remote violence,2024,93
Kolomyiska,Explosions/Remote violence,2023,1
Komarivska,Explosions/Remote violence,2024,0
Komarska,Battles,2023,0
Komarska,Battles,2024,11
Komarska,Explosions/Remote violence,2022,0
Komarska,Explosions/Remote violence,2023,8
Komarska,Explosions/Remote violence,2024,44
Komysh-Zorianska,Explosions/Remote violence,2022,0
Komysh-Zorianska,Explosions/Remote violence,2024,0
Komyshuvaska,Battles,2022,0
Komyshuvaska,Battles,2023,0
Komyshuvaska,Battles,2024,7
Komyshuvaska,Explosions/Remote violence,2022,13
Komyshuvaska,Explosions/Remote violence,2023,16
Komyshuvaska,Explosions/Remote violence,2024,10
Konotopska,Battles,2022,12
Konotopska,Explosions/Remote violence,2022,1
Konotopska,Explosions/Remote violence,2023,0
Konotopska,Explosions/Remote violence,2024,0
Koriukivska,Explosions/Remote violence,2022,0
Koriukivska,Explosions/Remote violence,2023,0
Koriukivska,Explosions/Remote violence,2024,0
Koropska,Explosions/Remote violence,2024,0
Korostenska,Battles,2022,10
Korostenska,Explosions/Remote violence,2022,16
Korostenska,Explosions/Remote violence,2023,0
Korostenska,Explosions/Remote violence,2024,0
Korovynska,Explosions/Remote violence,2022,0
Korovynska,Explosions/Remote violence,2024,0
Korsun-Shevchenkivska,Explosions/Remote violence,2023,1
Kostiantynivska,Battles,2020,0
Kostiantynivska,Battles,2021,1
Kostiantynivska,Battles,2022,3
Kostiantynivska,Battles,2023,35
Kostiantynivska,Battles,2024,221
Kostiantynivska,Explosions/Remote violence,2020,0
Kostiantynivska,Explosions/Remote violence,2021,0
Kostiantynivska,Explosions/Remote violence,2022,90
Kostiantynivska,Explosions/Remote violence,2023,349
Kostiantynivska,Explosions/Remote violence,2024,276
Kotelevska,Battles,2022,0
Kotelevska,Explosions/Remote violence,2022,2
Kotsiubynska,Explosions/Remote violence,2022,0
Kovelska,Explosions/Remote violence,2022,0
Kozeletska,Battles,2022,0
Koziatynska,Explosions/Remote violence,2022,2
Kramatorska,Battles,2022,0
Kramatorska,Battles,2024,17
Kramatorska,Explosions/Remote violence,2022,269
Kramatorska,Explosions/Remote violence,2023,31
Kramatorska,Explosions/Remote violence,2024,24
Krasnenska,Explosions/Remote violence,2022,0
Krasnohradska,Explosions/Remote violence,2022,4
Krasnohradska,Explosions/Remote violence,2023,0
Krasnohradska,Explosions/Remote violence,2024,0
Krasnohvardiiska,Explosions/Remote violence,2022,0
Krasnohvardiiska,Explosions/Remote violence,2023,0
Krasnohvardiiska,Explosions/Remote violence,2024,0
Krasnokutska,Explosions/Remote violence,2024,2
Krasnoperekopska,Explosions/Remote violence,2022,0
Krasnoperekopska,Explosions/Remote violence,2023,0
Krasnoperekopska,Explosions/Remote violence,2024,0
Krasnopilska,Battles,2022,2
Krasnopilska,Battles,2024,3
Krasnopilska,Explosions/Remote violence,2022,2
Krasnopilska,Explosions/Remote violence,2023,3
Krasnopilska,Explosions/Remote violence,2024,34
Krasnopolianska,Explosions/Remote violence,2024,0
Krasnorichenska,Battles,2022,41
Krasnorichenska,Battles,2023,141
Krasnorichenska,Battles,2024,306
Krasnorichenska,Explosions/Remote violence,2022,1049
Krasnorichenska,Explosions/Remote violence,2023,178
Krasnorichenska,Explosions/Remote violence,2024,32
Krasnosilska,Explosions/Remote violence,2022,1
Krasnosilska,Explosions/Remote violence,2023,0
Kremenchutska,Battles,2022,0
Kremenchutska,Explosions/Remote violence,2022,10
Kremenchutska,Explosions/Remote violence,2023,1
Kremenchutska,Explosions/Remote violence,2024,0
Kremenetska,Explosions/Remote violence,2024,0
Kreminska,Battles,2022,245
Kreminska,Battles,2023,806
Kreminska,Battles,2024,195
Kreminska,Explosions/Remote violence,2021,0
Kreminska,Explosions/Remote violence,2022,549
Kreminska,Explosions/Remote violence,2023,496
Kreminska,Explosions/Remote violence,2024,103
Krolevetska,Explosions/Remote violence,2022,0
Krolevetska,Explosions/Remote violence,2023,0
Krolevetska,Explosions/Remote violence,2024,0
Kropyvnytska,Explosions/Remote violence,2022,8
Kropyvnytska,Explosions/Remote violence,2023,1
Kropyvnytska,Explosions/Remote violence,2024,4
Krutivska,Battles,2022,200
Krutivska,Explosions/Remote violence,2022,0
Krutivska,Explosions/Remote violence,2024,0
Kryvorizka,Battles,2022,173
Kryvorizka,Battles,2023,0
Kryvorizka,Explosions/Remote violence,2022,14
Kryvorizka,Explosions/Remote violence,2023,29
Kryvorizka,Explosions/Remote violence,2024,47
Kulevchanska,Explosions/Remote violence,2022,10
Kulykivska,Battles,2022,0
Kulykivska,Explosions/Remote violence,2023,0
Kunievska,Battles,2022,0
Kunievska,Explosions/Remote violence,2022,3
Kunievska,Explosions/Remote violence,2023,0
Kunievska,Explosions/Remote violence,2024,1
Kupianska,Battles,2022,12
Kupianska,Battles,2023,301
Kupianska,Battles,2024,215
Kupianska,Explosions/Remote violence,2022,56
Kupianska,Explosions/Remote violence,2023,62
Kupianska,Explosions/Remote violence,2024,154
Kurakhivska,Battles,2021,0
Kurakhivska,Battles,2022,250
Kurakhivska,Battles,2023,6
Kurakhivska,Battles,2024,1542
Kurakhivska,Explosions/Remote violence,2020,0
Kurakhivska,Explosions/Remote violence,2022,69
Kurakhivska,Explosions/Remote violence,2023,25
Kurakhivska,Explosions/Remote violence,2024,231
Kurylivska,Battles,2022,0
Kurylivska,Battles,2023,7
Kurylivska,Battles,2024,96
Kurylivska,Explosions/Remote violence,2022,47
Kurylivska,Explosions/Remote violence,2023,44
Kurylivska,Explosions/Remote violence,2024,103
Kushuhumska,Battles,2022,0
Kushuhumska,Explosions/Remote violence,2022,1
Kushuhumska,Explosions/Remote violence,2023,0
Kushuhumska,Explosions/Remote violence,2024,2
Kutsurubska,Explosions/Remote violence,2022,10
Kutsurubska,Explosions/Remote violence,2023,2
Kutsurubska,Explosions/Remote violence,2024,8
Kyinska,Battles,2022,0
Kyinska,Explosions/Remote violence,2022,9
Kyinska,Explosions/Remote violence,2023,1
Kyrykivska,Explosions/Remote violence,2022,0
Kyrykivska,Explosions/Remote violence,2024,0
Kyrylivska,Battles,2022,0
Kyrylivska,Explosions/Remote violence,2022,0
Kyrylivska,Explosions/Remote violence,2023,3
Kyselivska,Battles,2022,0
Kyselivska,Explosions/Remote violence,2022,0
Kyselivska,Explosions/Remote violence,2023,0
Kyselivska,Explosions/Remote violence,2024,0
Ladyzhynska,Explosions/Remote violence,2022,0
Ladyzhynska,Explosions/Remote violence,2024,0
Lazurnenska,Explosions/Remote violence,2022,36
Lazurnenska,Explosions/Remote violence,2023,0
Lebedynska,Battles,2022,0
Lebedynska,Explosions/Remote violence,2022,7
Lebedynska,Explosions/Remote violence,2024,0
Leninska,Explosions/Remote violence,2023,0
Leninska,Explosions/Remote violence,2024,0
Liubetska,Battles,2022,0
Liubetska,Explosions/Remote violence,2023,0
Liubetska,Explosions/Remote violence,2024,0
Liubotynska,Explosions/Remote violence,2022,1
Liubotynska,Explosions/Remote violence,2023,0
Liubotynska,Explosions/Remote violence,2024,0
Liubymivska,Explosions/Remote violence,2022,18
Liubymivska,Explosions/Remote violence,2023,0
Liubymivska,Explosions/Remote violence,2024,0
Lokachynska,Explosions/Remote violence,2024,3
Losynivska,Explosions/Remote violence,2023,0
Lozivska,Explosions/Remote violence,2022,14
Lozivska,Explosions/Remote violence,2023,2
Lozivska,Explosions/Remote violence,2024,3
Lozno-Oleksandrivska,Battles,2022,0
Lozno-Oleksandrivska,Explosions/Remote violence,2022,0
Lozno-Oleksandrivska,Explosions/Remote violence,2023,0
Lozuvatska,Explosions/Remote violence,2023,0
Lozuvatska,Explosions/Remote violence,2024,1
Lubenska,Explosions/Remote violence,2022,0
Lubenska,Explosions/Remote violence,2024,0
Luchystivska,Explosions/Remote violence,2024,10
Luhanska,Battles,2020,1
Luhanska,Battles,2021,1
Luhanska,Battles,2022,2677
Luhanska,Battles,2023,0
Luhanska,Battles,2024,0
Luhanska,Explosions/Remote violence,2020,4
Luhanska,Explosions/Remote violence,2021,0
Luhanska,Explosions/Remote violence,2022,66
Luhanska,Explosions/Remote violence,2023,8
Luhanska,Explosions/Remote violence,2024,18
Lutska,Battles,2024,0
Lutska,Explosions/Remote violence,2022,4
Lutska,Explosions/Remote violence,2023,2
Lutska,Explosions/Remote violence,2024,1
Lutuhynska,Battles,2020,0
Lutuhynska,Battles,2021,0
Lutuhynska,Battles,2022,0
Lutuhynska,Explosions/Remote violence,2020,0
Lutuhynska,Explosions/Remote violence,2021,0
Lutuhynska,Explosions/Remote violence,2022,0
Lutuhynska,Explosions/Remote violence,2023,0
Lvivska,Explosions/Remote violence,2022,7
Lvivska,Explosions/Remote violence,2023,12
Lvivska,Explosions/Remote violence,2024,7
Lykhivska,Explosions/Remote violence,2024,0
Lymanska,Battles,2022,118
Lymanska,Battles,2023,1365
Lymanska,Battles,2024,633
Lymanska,Explosions/Remote violence,2022,426
Lymanska,Explosions/Remote violence,2023,465
Lymanska,Explosions/Remote violence,2024,260
Lypetska,Battles,2022,10
Lypetska,Battles,2023,0
Lypetska,Battles,2024,1868
Lypetska,Explosions/Remote violence,2022,10
Lypetska,Explosions/Remote violence,2023,10
Lypetska,Explosions/Remote violence,2024,317
Lypovodolynska,Explosions/Remote violence,2024,0
Lysychanska,Battles,2022,704
Lysychanska,Battles,2023,75
Lysychanska,Battles,2024,138
Lysychanska,Explosions/Remote violence,2020,0
Lysychanska,Explosions/Remote violence,2022,276
Lysychanska,Explosions/Remote violence,2023,12
Lysychanska,Explosions/Remote violence,2024,43
Mahdalynivska,Explosions/Remote violence,2023,0
Maiska,Explosions/Remote violence,2022,0
Makarivska,Battles,2022,18
Makarivska,Explosions/Remote violence,2022,62
Makarivska,Explosions/Remote violence,2023,0
Makiivska,Battles,2021,0
Makiivska,Battles,2022,0
Makiivska,Battles,2023,3
Makiivska,Battles,2024,0
Makiivska,Explosions/Remote violence,2020,1
Makiivska,Explosions/Remote violence,2021,0
Makiivska,Explosions/Remote violence,2022,33
Makiivska,Explosions/Remote violence,2023,155
Makiivska,Explosions/Remote violence,2024,5
Malobilozerska,Explosions/Remote violence,2022,50
Malobilozerska,Explosions/Remote violence,2023,15
Malodanylivska,Battles,2024,11
Malodanylivska,Explosions/Remote violence,2022,8
Malodanylivska,Explosions/Remote violence,2023,1
Malodanylivska,Explosions/Remote violence,2024,14
Malodivytska,Explosions/Remote violence,2024,0
Malomykhailivska,Explosions/Remote violence,2022,0
Malotokmachanska,Battles,2022,0
Malotokmachanska,Battles,2023,200
Malotokmachanska,Battles,2024,86
Malotokmachanska,Explosions/Remote violence,2022,17
Malotokmachanska,Explosions/Remote violence,2023,137
Malotokmachanska,Explosions/Remote violence,2024,201
Malynivska,Battles,2022,59
Malynivska,Battles,2023,236
Malynivska,Battles,2024,96
Malynivska,Explosions/Remote violence,2022,34
Malynivska,Explosions/Remote violence,2023,150
Malynivska,Explosions/Remote violence,2024,132
Malynska,Battles,2022,0
Malynska,Explosions/Remote violence,2022,18
Malynska,Explosions/Remote violence,2023,0
Manhushska,Battles,2022,0
Manhushska,Battles,2023,7
Manhushska,Explosions/Remote violence,2022,9
Manhushska,Explosions/Remote violence,2023,0
Manhushska,Explosions/Remote violence,2024,14
Mankivska,Explosions/Remote violence,2022,10
Marhanetska,Battles,2022,0
Marhanetska,Battles,2024,23
Marhanetska,Explosions/Remote violence,2022,28
Marhanetska,Explosions/Remote violence,2023,6
Marhanetska,Explosions/Remote violence,2024,19
Marinska,Battles,2020,1
Marinska,Battles,2021,5
Marinska,Battles,2022,186
Marinska,Battles,2023,808
Marinska,Battles,2024,2127
Marinska,Explosions/Remote violence,2020,4
Marinska,Explosions/Remote violence,2021,6
Marinska,Explosions/Remote violence,2022,107
Marinska,Explosions/Remote violence,2023,151
Marinska,Explosions/Remote violence,2024,190
Mariupolska,Battles,2020,0
Mariupolska,Battles,2022,321
Mariupolska,Battles,2023,6
Mariupolska,Explosions/Remote violence,2020,1
Mariupolska,Explosions/Remote violence,2021,0
Mariupolska,Explosions/Remote violence,2022,648
Mariupolska,Explosions/Remote violence,2023,494
Mariupolska,Explosions/Remote violence,2024,10
Markivska,Battles,2022,0
Mashivska,Explosions/Remote violence,2024,0
Matviivska,Battles,2023,0
Matviivska,Explosions/Remote violence,2022,2
Matviivska,Explosions/Remote violence,2023,0
Medzhybizka,Explosions/Remote violence,2023,0
Melitopolska,Battles,2022,116
Melitopolska,Battles,2023,4
Melitopolska,Explosions/Remote violence,2022,403
Melitopolska,Explosions/Remote violence,2023,131
Melitopolska,Explosions/Remote violence,2024,9
Menska,Battles,2022,0
Menska,Explosions/Remote violence,2022,0
Menska,Explosions/Remote violence,2023,0
Menska,Explosions/Remote violence,2024,0
Merefianska,Battles,2024,0
Merefianska,Explosions/Remote violence,2022,37
Merefianska,Explosions/Remote violence,2023,1
Merefianska,Explosions/Remote violence,2024,0
Mezhivska,Battles,2022,0
Mezhivska,Explosions/Remote violence,2022,0
Mezhivska,Explosions/Remote violence,2023,1
Mezhivska,Explosions/Remote violence,2024,2
Mezhyritska,Explosions/Remote violence,2023,0
Milovska,Battles,2022,0
Milovska,Explosions/Remote violence,2023,0
Mishkovo-Pohorilivska,Explosions/Remote violence,2022,0
Mizhvodnenska,Explosions/Remote violence,2023,0
Molochanska,Battles,2022,0
Molochanska,Battles,2024,0
Molochanska,Explosions/Remote violence,2022,0
Molochanska,Explosions/Remote violence,2023,3
Molochanska,Explosions/Remote violence,2024,0
Molochnenska,Explosions/Remote violence,2023,0
Molochnenska,Explosions/Remote violence,2024,0
Molodohvardiiska,Battles,2021,0
Molodohvardiiska,Battles,2022,0
Molodohvardiiska,Explosions/Remote violence,2021,0
Molodohvardiiska,Explosions/Remote violence,2022,0
Mukachivska,Explosions/Remote violence,2022,0
Mukachivska,Explosions/Remote violence,2024,0
Murovanska,Explosions/Remote violence,2024,0
Muzykivska,Explosions/Remote violence,2022,1
Muzykivska,Explosions/Remote violence,2023,2
Muzykivska,Explosions/Remote violence,2024,11
Myhiivska,Explosions/Remote violence,2022,0
Mykhailivska,Battles,2022,0
Mykhailivska,Battles,2023,20
Mykhailivska,Explosions/Remote violence,2022,35
Mykhailivska,Explosions/Remote violence,2023,2
Mykhailivska,Explosions/Remote violence,2024,3
Mykhailo-Kotsiubynska,Battles,2022,0
Mykhailo-Kotsiubynska,Explosions/Remote violence,2022,1
Mykhailo-Kotsiubynska,Explosions/Remote violence,2024,0
Mykhailo-Lukashivska,Explosions/Remote violence,2022,0
Mykhailo-Lukashivska,Explosions/Remote violence,2023,0
Mykhailo-Lukashivska,Explosions/Remote violence,2024,0
Mykolaivska,Battles,2022,208
Mykolaivska,Battles,2023,1
Mykolaivska,Battles,2024,3
Mykolaivska,Explosions/Remote violence,2022,651
Mykolaivska,Explosions/Remote violence,2023,13
Mykolaivska,Explosions/Remote violence,2024,45
Myliatska,Explosions/Remote violence,2022,0
Mylivska,Battles,2022,53
Mylivska,Battles,2024,3
Mylivska,Explosions/Remote violence,2022,29
Mylivska,Explosions/Remote violence,2023,7
Mylivska,Explosions/Remote violence,2024,41
Myrhorodska,Battles,2022,0
Myrhorodska,Explosions/Remote violence,2022,0
Myrhorodska,Explosions/Remote violence,2023,0
Myrhorodska,Explosions/Remote violence,2024,0
Myrivska,Battles,2024,5
Myrivska,Explosions/Remote violence,2022,11
Myrivska,Explosions/Remote violence,2023,0
Myrivska,Explosions/Remote violence,2024,13
Myrnenska,Battles,2020,0
Myrnenska,Battles,2021,2
Myrnenska,Battles,2022,0
Myrnenska,Battles,2023,4
Myrnenska,Battles,2024,5
Myrnenska,Explosions/Remote violence,2020,1
Myrnenska,Explosions/Remote violence,2021,1
Myrnenska,Explosions/Remote violence,2022,7
Myrnenska,Explosions/Remote violence,2023,11
Myrnenska,Explosions/Remote violence,2024,0
Myrnivska,Explosions/Remote violence,2024,0
Myrnohradska,Battles,2023,2
Myrnohradska,Battles,2024,146
Myrnohradska,Explosions/Remote violence,2022,0
Myrnohradska,Explosions/Remote violence,2023,3
Myrnohradska,Explosions/Remote violence,2024,77
Myroliubnenska,Explosions/Remote violence,2023,0
Myropilska,Battles,2023,3
Myropilska,Battles,2024,0
Myropilska,Explosions/Remote violence,2022,1
Myropilska,Explosions/Remote violence,2023,1
Myropilska,Explosions/Remote violence,2024,41
Mytiaivska,Explosions/Remote violence,2024,0
Narodytska,Battles,2022,2
Narodytska,Explosions/Remote violence,2022,3
Narodytska,Explosions/Remote violence,2023,0
Natalynska,Explosions/Remote violence,2022,0
Natalynska,Explosions/Remote violence,2023,0
Nechaianska,Explosions/Remote violence,2022,1
Nechaianska,Explosions/Remote violence,2023,0
Nechaianska,Explosions/Remote violence,2024,0
Nedryhailivska,Battles,2022,0
Nedryhailivska,Explosions/Remote violence,2022,0
Nedryhailivska,Explosions/Remote violence,2023,0
Nedryhailivska,Explosions/Remote violence,2024,0
Nemishaivska,Battles,2022,0
Nerubaiska,Explosions/Remote violence,2022,0
Netishynska,Explosions/Remote violence,2023,0
Nikolska,Battles,2022,0
Nikolska,Battles,2023,6
Nikolska,Battles,2024,6
Nikolska,Explosions/Remote violence,2022,3
Nikolska,Explosions/Remote violence,2023,56
Nikolska,Explosions/Remote violence,2024,3
Nikopolska,Battles,2022,0
Nikopolska,Battles,2023,0
Nikopolska,Battles,2024,7
Nikopolska,Explosions/Remote violence,2022,16
Nikopolska,Explosions/Remote violence,2023,29
Nikopolska,Explosions/Remote violence,2024,72
Nizhynska,Battles,2022,0
Nizhynska,Explosions/Remote violence,2022,3
Nizhynska,Explosions/Remote violence,2024,0
Novenska,Explosions/Remote violence,2022,0
Novhorod-Siverska,Battles,2022,1
Novhorod-Siverska,Explosions/Remote violence,2022,3
Novhorod-Siverska,Explosions/Remote violence,2023,4
Novhorod-Siverska,Explosions/Remote violence,2024,2
Novoaidarska,Battles,2020,0
Novoaidarska,Battles,2021,0
Novoaidarska,Battles,2022,10
Novoaidarska,Battles,2023,9
Novoaidarska,Explosions/Remote violence,2020,0
Novoaidarska,Explosions/Remote violence,2021,0
Novoaidarska,Explosions/Remote violence,2022,77
Novoaidarska,Explosions/Remote violence,2023,14
Novoaidarska,Explosions/Remote violence,2024,1
Novoazovska,Battles,2020,1
Novoazovska,Battles,2021,0
Novoazovska,Battles,2022,0
Novoazovska,Battles,2023,0
Novoazovska,Battles,2024,20
Novoazovska,Explosions/Remote violence,2020,12
Novoazovska,Explosions/Remote violence,2021,5
Novoazovska,Explosions/Remote violence,2022,0
Novoazovska,Explosions/Remote violence,2023,1
Novoazovska,Explosions/Remote violence,2024,4
Novobasanska,Battles,2022,10
Novobasanska,Explosions/Remote violence,2022,3
Novobilouska,Battles,2022,0
Novobilouska,Explosions/Remote violence,2024,0
Novobohdanivska,Explosions/Remote violence,2022,0
Novobohdanivska,Explosions/Remote violence,2023,0
Novobuzka,Explosions/Remote violence,2022,65
Novobuzka,Explosions/Remote violence,2023,0
Novodnistrovska,Explosions/Remote violence,2022,0
Novodonetska,Battles,2022,0
Novodonetska,Battles,2023,0
Novodonetska,Battles,2024,0
Novodonetska,Explosions/Remote violence,2022,0
Novodonetska,Explosions/Remote violence,2023,3
Novodonetska,Explosions/Remote violence,2024,0
Novofedorivska,Explosions/Remote violence,2022,1
Novofedorivska,Explosions/Remote violence,2023,30
Novofedorivska,Explosions/Remote violence,2024,0
Novohrad-Volynska,Explosions/Remote violence,2022,0
Novohrad-Volynska,Explosions/Remote violence,2023,1
Novohrad-Volynska,Explosions/Remote violence,2024,0
Novohrodivska,Battles,2022,0
Novohrodivska,Battles,2023,0
Novohrodivska,Battles,2024,2328
Novohrodivska,Explosions/Remote violence,2021,0
Novohrodivska,Explosions/Remote violence,2022,23
Novohrodivska,Explosions/Remote violence,2023,7
Novohrodivska,Explosions/Remote violence,2024,90
Novohuivynska,Explosions/Remote violence,2022,3
Novohuivynska,Explosions/Remote violence,2023,0
Novohuivynska,Explosions/Remote violence,2024,0
Novoiavorivska,Explosions/Remote violence,2022,0
Novoiavorivska,Explosions/Remote violence,2023,0
Novokakhovska,Battles,2022,11
Novokakhovska,Battles,2023,3
Novokakhovska,Battles,2024,4
Novokakhovska,Explosions/Remote violence,2021,0
Novokakhovska,Explosions/Remote violence,2022,131
Novokakhovska,Explosions/Remote violence,2023,120
Novokakhovska,Explosions/Remote violence,2024,52
Novokalynivska,Explosions/Remote violence,2022,0
Novolativska,Explosions/Remote violence,2022,1
Novolativska,Explosions/Remote violence,2023,0
Novomoskovska,Explosions/Remote violence,2022,3
Novomoskovska,Explosions/Remote violence,2023,0
Novomoskovska,Explosions/Remote violence,2024,0
Novomykolaivska,Battles,2023,0
Novomykolaivska,Explosions/Remote violence,2022,40
Novomykolaivska,Explosions/Remote violence,2023,2
Novomykolaivska,Explosions/Remote violence,2024,0
Novoodeska,Explosions/Remote violence,2022,5
Novooleksandrivska,Battles,2022,9
Novooleksandrivska,Battles,2024,36
Novooleksandrivska,Explosions/Remote violence,2022,21
Novooleksandrivska,Explosions/Remote violence,2023,15
Novooleksandrivska,Explosions/Remote violence,2024,145
Novoozernivska,Explosions/Remote violence,2023,10
Novoozernivska,Explosions/Remote violence,2024,0
Novopavlivska,Explosions/Remote violence,2022,1
Novopavlivska,Explosions/Remote violence,2023,0
Novopilska,Explosions/Remote violence,2022,0
Novopokrovska,Explosions/Remote violence,2022,0
Novopokrovska,Explosions/Remote violence,2023,0
Novopokrovska,Explosions/Remote violence,2024,1
Novopskovska,Explosions/Remote violence,2022,0
Novopskovska,Explosions/Remote violence,2023,2
Novopskovska,Explosions/Remote violence,2024,0
Novoraiska,Battles,2022,9
Novoraiska,Battles,2023,10
Novoraiska,Battles,2024,5
Novoraiska,Explosions/Remote violence,2022,90
Novoraiska,Explosions/Remote violence,2023,7
Novoraiska,Explosions/Remote violence,2024,13
Novoslobidska,Battles,2024,0
Novoslobidska,Explosions/Remote violence,2022,0
Novoslobidska,Explosions/Remote violence,2023,4
Novoslobidska,Explosions/Remote violence,2024,32
Novotroitska,Battles,2022,0
Novotroitska,Explosions/Remote violence,2022,11
Novotroitska,Explosions/Remote violence,2023,0
Novotroitska,Explosions/Remote violence,2024,0
Novouspenivska,Explosions/Remote violence,2022,0
Novouspenivska,Explosions/Remote violence,2023,0
Novovodolazka,Explosions/Remote violence,2022,1
Novovodolazka,Explosions/Remote violence,2023,0
Novovodolazka,Explosions/Remote violence,2024,0
Novovolynska,Battles,2024,0
Novovorontsovska,Battles,2022,21
Novovorontsovska,Battles,2024,5
Novovorontsovska,Explosions/Remote violence,2022,62
Novovorontsovska,Explosions/Remote violence,2023,6
Novovorontsovska,Explosions/Remote violence,2024,20
Nyvotrudivska,Explosions/Remote violence,2023,0
Nyzhnoduvanska,Battles,2022,0
Nyzhnoduvanska,Battles,2023,2
Nyzhnoduvanska,Battles,2024,5
Nyzhnoduvanska,Explosions/Remote violence,2022,10
Nyzhnoduvanska,Explosions/Remote violence,2023,0
Nyzhnoduvanska,Explosions/Remote violence,2024,3
Nyzhnohirska,Explosions/Remote violence,2024,0
Nyzhnosirohozka,Explosions/Remote violence,2024,0
Nyzhnosyrovatska,Explosions/Remote violence,2022,0
Nyzhnosyrovatska,Explosions/Remote violence,2024,0
Nyzhnoteplivska,Battles,2020,0
Nyzhnoteplivska,Battles,2021,0
Nyzhnoteplivska,Explosions/Remote violence,2020,0
Nyzhnoteplivska,Explosions/Remote violence,2021,2
Nyzhnoteplivska,Explosions/Remote violence,2022,10
Nyzhnoteplivska,Explosions/Remote violence,2023,0
Obukhivska,Battles,2022,0
Obukhivska,Explosions/Remote violence,2022,0
Obukhivska,Explosions/Remote violence,2023,1
Obukhivska,Explosions/Remote violence,2024,0
Ochakivska,Battles,2022,3
Ochakivska,Battles,2023,0
Ochakivska,Battles,2024,30
Ochakivska,Explosions/Remote violence,2022,41
Ochakivska,Explosions/Remote violence,2023,2
Ochakivska,Explosions/Remote violence,2024,0
Ocheretynska,Battles,2020,3
Ocheretynska,Battles,2021,2
Ocheretynska,Battles,2022,186
Ocheretynska,Battles,2023,382
Ocheretynska,Battles,2024,4752
Ocheretynska,Explosions/Remote violence,2020,4
Ocheretynska,Explosions/Remote violence,2021,11
Ocheretynska,Explosions/Remote violence,2022,143
Ocheretynska,Explosions/Remote violence,2023,122
Ocheretynska,Explosions/Remote violence,2024,184
Odeska,Battles,2022,0
Odeska,Battles,2023,0
Odeska,Battles,2024,1
Odeska,Explosions/Remote violence,2022,41
Odeska,Explosions/Remote violence,2023,25
Odeska,Explosions/Remote violence,2024,92
Okhtyrska,Battles,2022,14
Okhtyrska,Explosions/Remote violence,2022,89
Okhtyrska,Explosions/Remote violence,2023,1
Okhtyrska,Explosions/Remote violence,2024,2
Oktiabrska,Explosions/Remote violence,2023,0
Oleksandriiska,Explosions/Remote violence,2022,0
Oleksandriiska,Explosions/Remote violence,2023,0
Oleksandriiska,Explosions/Remote violence,2024,0
Oleksandrivska,Battles,2022,0
Oleksandrivska,Battles,2024,61
Oleksandrivska,Explosions/Remote violence,2022,0
Oleksandrivska,Explosions/Remote violence,2023,0
Oleksandrivska,Explosions/Remote violence,2024,1
Oleksiivska,Explosions/Remote violence,2022,1
Olenivska,Battles,2023,56
Olenivska,Explosions/Remote violence,2023,17
Olenivska,Explosions/Remote violence,2024,0
Oleshkivska,Battles,2022,13
Oleshkivska,Battles,2023,82
Oleshkivska,Battles,2024,56
Oleshkivska,Explosions/Remote violence,2022,43
Oleshkivska,Explosions/Remote violence,2023,95
Oleshkivska,Explosions/Remote violence,2024,21
Olevska,Explosions/Remote violence,2022,2
Olevska,Explosions/Remote violence,2023,1
Olhynska,Battles,2020,1
Olhynska,Battles,2021,0
Olhynska,Battles,2022,36
Olhynska,Battles,2023,15
Olhynska,Battles,2024,61
Olhynska,Explosions/Remote violence,2020,0
Olhynska,Explosions/Remote violence,2021,2
Olhynska,Explosions/Remote violence,2022,30
Olhynska,Explosions/Remote violence,2023,49
Olhynska,Explosions/Remote violence,2024,26
Olshanska,Explosions/Remote violence,2022,0
Olshanska,Explosions/Remote violence,2023,0
Olyshivska,Explosions/Remote violence,2022,0
Olyshivska,Explosions/Remote violence,2024,0
Orikhivska,Battles,2022,6
Orikhivska,Battles,2023,71
Orikhivska,Battles,2024,138
Orikhivska,Explosions/Remote violence,2022,81
Orikhivska,Explosions/Remote violence,2023,446
Orikhivska,Explosions/Remote violence,2024,273
Oskilska,Battles,2022,165
Oskilska,Battles,2023,0
Oskilska,Explosions/Remote violence,2022,33
Oskilska,Explosions/Remote violence,2023,12
Oskilska,Explosions/Remote violence,2024,6
Osterska,Battles,2022,0
Osypenkivska,Battles,2022,1
Osypenkivska,Explosions/Remote violence,2022,0
Osypenkivska,Explosions/Remote violence,2023,0
Ovidiopolska,Explosions/Remote violence,2024,0
Ovrutska,Battles,2022,0
Ovrutska,Explosions/Remote violence,2022,0
Ovrutska,Explosions/Remote violence,2023,0
Pavlivska,Battles,2022,0
Pavlivska,Explosions/Remote violence,2022,0
Pavlivska,Explosions/Remote violence,2023,3
Pavlivska,Explosions/Remote violence,2024,0
Pavlohradska,Explosions/Remote violence,2022,2
Pavlohradska,Explosions/Remote violence,2023,4
Pavlohradska,Explosions/Remote violence,2024,2
Pechenizka,Battles,2022,0
Pechenizka,Explosions/Remote violence,2022,12
Pechenizka,Explosions/Remote violence,2023,7
Pechenizka,Explosions/Remote violence,2024,0
Pereshchepynska,Explosions/Remote violence,2024,0
Pershotravenska,Explosions/Remote violence,2023,0
Pershotravnenska,Explosions/Remote violence,2022,0
Pershotravnenska,Explosions/Remote violence,2024,3
Pervomaiska,Battles,2022,8
Pervomaiska,Explosions/Remote violence,2022,187
Pervomaiska,Explosions/Remote violence,2023,3
Pervomaiska,Explosions/Remote violence,2024,6
Petrivska,Battles,2022,0
Petrivska,Explosions/Remote violence,2022,3
Petrivska,Explosions/Remote violence,2023,0
Petrivska,Explosions/Remote violence,2024,0
Petro-Mykhailivska,Battles,2023,13
Petro-Mykhailivska,Battles,2024,4
Petro-Mykhailivska,Explosions/Remote violence,2022,0
Petro-Mykhailivska,Explosions/Remote violence,2023,0
Petro-Mykhailivska,Explosions/Remote violence,2024,0
Petropavlivska,Battles,2022,100
Petropavlivska,Battles,2023,863
Petropavlivska,Battles,2024,892
Petropavlivska,Explosions/Remote violence,2022,229
Petropavlivska,Explosions/Remote violence,2023,791
Petropavlivska,Explosions/Remote violence,2024,302
Petrykivska,Explosions/Remote violence,2024,0
Piatykhatska,Battles,2022,0
Pidhaietska,Explosions/Remote violence,2023,0
Pidhorodnenska,Explosions/Remote violence,2023,1
Pishchanska,Explosions/Remote violence,2022,11
Pishchanska,Explosions/Remote violence,2023,0
Piskivska,Explosions/Remote violence,2022,1
Pisochynska,Explosions/Remote violence,2022,4
Pisochynska,Explosions/Remote violence,2023,8
Pisochynska,Explosions/Remote violence,2024,2
Pivdennomiska,Explosions/Remote violence,2023,0
Pivdennomiska,Explosions/Remote violence,2024,2
Pochetnenska,Battles,2023,1
Podilska,Explosions/Remote violence,2022,0
Podilska,Explosions/Remote violence,2024,0
Pokrovska,Battles,2022,10
Pokrovska,Battles,2023,8
Pokrovska,Battles,2024,4722
Pokrovska,Explosions/Remote violence,2020,1
Pokrovska,Explosions/Remote violence,2021,0
Pokrovska,Explosions/Remote violence,2022,54
Pokrovska,Explosions/Remote violence,2023,21
Pokrovska,Explosions/Remote violence,2024,148
Poliska,Explosions/Remote violence,2022,0
Poliska,Explosions/Remote violence,2023,0
Polohivska,Battles,2022,48
Polohivska,Battles,2023,308
Polohivska,Battles,2024,89
Polohivska,Explosions/Remote violence,2022,623
Polohivska,Explosions/Remote violence,2023,69
Polohivska,Explosions/Remote violence,2024,29
Polonska,Explosions/Remote violence,2022,0
Poltavska,Explosions/Remote violence,2020,0
Poltavska,Explosions/Remote violence,2022,2
Poltavska,Explosions/Remote violence,2023,0
Poltavska,Explosions/Remote violence,2024,61
Popasnianska,Battles,2020,0
Popasnianska,Battles,2021,2
Popasnianska,Battles,2022,142
Popasnianska,Battles,2023,11
Popasnianska,Battles,2024,2
Popasnianska,Explosions/Remote violence,2020,0
Popasnianska,Explosions/Remote violence,2021,1
Popasnianska,Explosions/Remote violence,2022,183
Popasnianska,Explosions/Remote violence,2023,36
Popasnianska,Explosions/Remote violence,2024,6
Popilnianska,Explosions/Remote violence,2022,0
Popivska,Explosions/Remote violence,2022,0
Popivska,Explosions/Remote violence,2023,0
Popivska,Explosions/Remote violence,2024,2
Poshtivska,Explosions/Remote violence,2023,0
Potiivska,Battles,2022,0
Potiivska,Explosions/Remote violence,2022,0
Preobrazhenska,Battles,2022,0
Preobrazhenska,Battles,2023,1
Preobrazhenska,Battles,2024,0
Preobrazhenska,Explosions/Remote violence,2022,6
Preobrazhenska,Explosions/Remote violence,2023,37
Preobrazhenska,Explosions/Remote violence,2024,5
Pryazovska,Explosions/Remote violence,2022,4
Pryazovska,Explosions/Remote violence,2023,0
Prybuzhanivska,Explosions/Remote violence,2022,0
Prylutska,Battles,2022,0
Prylutska,Explosions/Remote violence,2022,5
Prylutska,Explosions/Remote violence,2023,0
Prylutska,Explosions/Remote violence,2024,0
Prymorska,Battles,2022,0
Prymorska,Explosions/Remote violence,2022,0
Prymorska,Explosions/Remote violence,2023,0
Pryvilnenska,Battles,2022,0
Pryvilnenska,Explosions/Remote violence,2022,0
Putyvlska,Explosions/Remote violence,2022,0
Putyvlska,Explosions/Remote violence,2023,0
Putyvlska,Explosions/Remote violence,2024,3
Radekhivska,Explosions/Remote violence,2022,0
Radsadivska,Explosions/Remote violence,2022,2
Radsadivska,Explosions/Remote violence,2023,1
Radsadivska,Explosions/Remote violence,2024,0
Raivska,Explosions/Remote violence,2022,0
Ratnivska,Explosions/Remote violence,2024,0
Reniiska,Explosions/Remote violence,2023,0
Richkivska,Explosions/Remote violence,2022,0
Richkivska,Explosions/Remote violence,2023,1
Richkivska,Explosions/Remote violence,2024,11
Ripkynska,Explosions/Remote violence,2022,3
Ripkynska,Explosions/Remote violence,2023,1
Ripkynska,Explosions/Remote violence,2024,0
Rivnenska,Explosions/Remote violence,2022,0
Rivnenska,Explosions/Remote violence,2023,0
Rivnenska,Explosions/Remote violence,2024,0
Rodnykivska,Explosions/Remote violence,2024,0
Rohanska,Battles,2022,0
Rohanska,Explosions/Remote violence,2022,3
Rohanska,Explosions/Remote violence,2023,0
Rohanska,Explosions/Remote violence,2024,0
Rokytnianska,Explosions/Remote violence,2022,0
Rokytnianska,Explosions/Remote violence,2023,0
Romashkinska,Explosions/Remote violence,2023,0
Romenska,Battles,2022,10
Romenska,Explosions/Remote violence,2022,6
Romenska,Explosions/Remote violence,2023,4
Romenska,Explosions/Remote violence,2024,0
Rovenkivska,Explosions/Remote violence,2021,0
Rovenkivska,Explosions/Remote violence,2022,1
Rovenkivska,Explosions/Remote violence,2023,0
Rovenkivska,Explosions/Remote violence,2024,4
Rozdilnianska,Battles,2022,0
Rozdilnianska,Explosions/Remote violence,2022,0
Rozdilnianska,Explosions/Remote violence,2023,0
Rozdilnianska,Explosions/Remote violence,2024,0
Rozdolnenska,Explosions/Remote violence,2023,1
Rozdolnenska,Explosions/Remote violence,2024,0
Rozdolska,Explosions/Remote violence,2023,0
Rozdolska,Explosions/Remote violence,2024,20
Rozivska,Battles,2022,0
Rozivska,Explosions/Remote violence,2022,10
Rozivska,Explosions/Remote violence,2023,0
Rozivska,Explosions/Remote violence,2024,0
Rubizhanska,Battles,2022,119
Rubizhanska,Explosions/Remote violence,2020,0
Rubizhanska,Explosions/Remote violence,2022,28
Rubizhanska,Explosions/Remote violence,2023,2
Rubizhanska,Explosions/Remote violence,2024,4
Rudkivska,Explosions/Remote violence,2024,0
Rusakivska,Explosions/Remote violence,2024,0
Ruskopolianska,Explosions/Remote violence,2022,0
Ruskopolianska,Explosions/Remote violence,2023,0
Rzhyshchivska,Explosions/Remote violence,2023,9
Sadivska,Explosions/Remote violence,2022,4
Sadivska,Explosions/Remote violence,2024,0
Safianivska,Explosions/Remote violence,2022,1
Safianivska,Explosions/Remote violence,2024,1
Sakhnovshchynska,Explosions/Remote violence,2022,0
Sakska,Explosions/Remote violence,2022,0
Sakska,Explosions/Remote violence,2023,0
Sakska,Explosions/Remote violence,2024,12
Sarnenska,Explosions/Remote violence,2022,4
Sartanska,Battles,2020,8
Sartanska,Battles,2021,7
Sartanska,Battles,2022,12
Sartanska,Explosions/Remote violence,2020,8
Sartanska,Explosions/Remote violence,2021,3
Sartanska,Explosions/Remote violence,2022,11
Sartanska,Explosions/Remote violence,2023,0
Savynska,Battles,2022,0
Savynska,Explosions/Remote violence,2022,0
Savynska,Explosions/Remote violence,2023,0
Sednivska,Battles,2022,0
Sednivska,Explosions/Remote violence,2022,3
Sednivska,Explosions/Remote violence,2024,0
Seliatynska,Battles,2024,0
Selydivska,Battles,2022,0
Selydivska,Battles,2023,0
Selydivska,Battles,2024,1553
Selydivska,Explosions/Remote violence,2022,11
Selydivska,Explosions/Remote violence,2023,10
Selydivska,Explosions/Remote violence,2024,100
Semenivska,Battles,2022,10
Semenivska,Battles,2024,5
Semenivska,Explosions/Remote violence,2022,1
Semenivska,Explosions/Remote violence,2023,11
Semenivska,Explosions/Remote violence,2024,5
Semysotska,Explosions/Remote violence,2023,0
Serebrianska,Explosions/Remote violence,2023,0
Seredyno-Budska,Battles,2022,0
Seredyno-Budska,Battles,2024,0
Seredyno-Budska,Explosions/Remote violence,2022,1
Seredyno-Budska,Explosions/Remote violence,2023,15
Seredyno-Budska,Explosions/Remote violence,2024,1
Serhiivska,Explosions/Remote violence,2022,21
Serhiivska,Explosions/Remote violence,2023,0
Shabivska,Explosions/Remote violence,2022,0
Shakhivska,Battles,2023,5
Shakhivska,Battles,2024,87
Shakhivska,Explosions/Remote violence,2022,1
Shakhivska,Explosions/Remote violence,2023,1
Shakhivska,Explosions/Remote violence,2024,2
Shakhtarska,Explosions/Remote violence,2020,0
Shakhtarska,Explosions/Remote violence,2021,0
Shakhtarska,Explosions/Remote violence,2022,4
Shakhtarska,Explosions/Remote violence,2023,5
Shalyhynska,Battles,2022,0
Shalyhynska,Explosions/Remote violence,2022,2
Shalyhynska,Explosions/Remote violence,2023,4
Shalyhynska,Explosions/Remote violence,2024,12
Shatska,Explosions/Remote violence,2023,0
Shchastynska,Battles,2020,0
Shchastynska,Battles,2021,0
Shchastynska,Battles,2022,51
Shchastynska,Battles,2024,1
Shchastynska,Explosions/Remote violence,2020,2
Shchastynska,Explosions/Remote violence,2021,0
Shchastynska,Explosions/Remote violence,2022,24
Shchastynska,Explosions/Remote violence,2023,0
Shcholkinska,Explosions/Remote violence,2024,0
Shepetivska,Explosions/Remote violence,2022,0
Shepetivska,Explosions/Remote violence,2024,0
Shevchenkivska,Battles,2022,54
Shevchenkivska,Explosions/Remote violence,2022,60
Shevchenkivska,Explosions/Remote violence,2023,63
Shevchenkivska,Explosions/Remote violence,2024,20
Shostkynska,Battles,2022,0
Shostkynska,Explosions/Remote violence,2022,0
Shostkynska,Explosions/Remote violence,2023,0
Shostkynska,Explosions/Remote violence,2024,5
Shtormivska,Explosions/Remote violence,2024,0
Shulhynska,Battles,2022,0
Shyrokivska,Battles,2022,0
Shyrokivska,Explosions/Remote violence,2020,0
Shyrokivska,Explosions/Remote violence,2022,7
Shyrokivska,Explosions/Remote violence,2023,3
Shyrokivska,Explosions/Remote violence,2024,2
Shyshatska,Battles,2022,0
Sievierodonetska,Battles,2022,336
Sievierodonetska,Explosions/Remote violence,2020,1
Sievierodonetska,Explosions/Remote violence,2021,0
Sievierodonetska,Explosions/Remote violence,2022,87
Sievierodonetska,Explosions/Remote violence,2023,0
Simferopolska,Explosions/Remote violence,2022,0
Simferopolska,Explosions/Remote violence,2023,2
Simferopolska,Explosions/Remote violence,2024,0
Siverska,Battles,2022,35
Siverska,Battles,2023,216
Siverska,Battles,2024,230
Siverska,Explosions/Remote violence,2022,63
Siverska,Explosions/Remote violence,2023,327
Siverska,Explosions/Remote violence,2024,192
Skadovska,Battles,2022,0
Skadovska,Battles,2023,80
Skadovska,Explosions/Remote violence,2022,145
Skadovska,Explosions/Remote violence,2023,71
Skadovska,Explosions/Remote violence,2024,0
Skvortsivska,Explosions/Remote violence,2024,0
Slavhorodska,Explosions/Remote violence,2022,0
Slavhorodska,Explosions/Remote violence,2023,0
Slavnivska,Explosions/Remote violence,2024,0
Slavutska,Explosions/Remote violence,2023,0
Slavutytska,Battles,2022,0
Slavutytska,Explosions/Remote violence,2022,0
Slobozhanska,Battles,2022,0
Slobozhanska,Battles,2023,3
Slobozhanska,Explosions/Remote violence,2022,10
Slobozhanska,Explosions/Remote violence,2023,0
Slobozhanska,Explosions/Remote violence,2024,2
Slovechanska,Battles,2022,0
Slovianska,Battles,2022,0
Slovianska,Battles,2023,17
Slovianska,Battles,2024,211
Slovianska,Explosions/Remote violence,2022,122
Slovianska,Explosions/Remote violence,2023,20
Slovianska,Explosions/Remote violence,2024,23
Smilianska,Explosions/Remote violence,2022,0
Smilianska,Explosions/Remote violence,2023,1
Smilianska,Explosions/Remote violence,2024,0
Smyrnovska,Explosions/Remote violence,2022,0
Smyzka,Explosions/Remote violence,2023,0
Snihurivska,Battles,2022,6
Snihurivska,Explosions/Remote violence,2022,262
Snihurivska,Explosions/Remote violence,2023,10
Snihurivska,Explosions/Remote violence,2024,9
Snizhnianska,Battles,2023,2
Snizhnianska,Battles,2024,0
Snizhnianska,Explosions/Remote violence,2021,0
Snizhnianska,Explosions/Remote violence,2022,0
Snizhnianska,Explosions/Remote violence,2023,0
Snizhnianska,Explosions/Remote violence,2024,0
Snovska,Battles,2022,0
Snovska,Explosions/Remote violence,2022,0
Snovska,Explosions/Remote violence,2023,5
Snovska,Explosions/Remote violence,2024,3
Sokyrianska,Explosions/Remote violence,2024,0
Soledarska,Battles,2022,344
Soledarska,Battles,2023,827
Soledarska,Battles,2024,426
Soledarska,Explosions/Remote violence,2020,0
Soledarska,Explosions/Remote violence,2021,0
Soledarska,Explosions/Remote violence,2022,144
Soledarska,Explosions/Remote violence,2023,229
Soledarska,Explosions/Remote violence,2024,140
Solonianska,Explosions/Remote violence,2022,0
Solonianska,Explosions/Remote violence,2023,0
Solonytsivska,Explosions/Remote violence,2022,0
Solonytsivska,Explosions/Remote violence,2023,0
Solonytsivska,Explosions/Remote violence,2024,0
Solotvynska,Explosions/Remote violence,2022,0
Sorokynska,Battles,2022,0
Sorokynska,Explosions/Remote violence,2020,0
Sorokynska,Explosions/Remote violence,2021,1
Sorokynska,Explosions/Remote violence,2022,0
Sorokynska,Explosions/Remote violence,2023,0
Sorokynska,Explosions/Remote violence,2024,3
Sosnytska,Explosions/Remote violence,2022,0
Sosnytska,Explosions/Remote violence,2023,0
Sosnytska,Explosions/Remote violence,2024,0
Sovietska,Explosions/Remote violence,2022,3
Sribnianska,Explosions/Remote violence,2022,0
Sribnianska,Explosions/Remote violence,2024,0
Stanislavska,Battles,2022,132
Stanislavska,Explosions/Remote violence,2022,34
Stanislavska,Explosions/Remote violence,2023,26
Stanislavska,Explosions/Remote violence,2024,16
Stanychno-Luhanska,Battles,2020,0
Stanychno-Luhanska,Battles,2021,0
Stanychno-Luhanska,Battles,2022,0
Stanychno-Luhanska,Battles,2023,3
Stanychno-Luhanska,Battles,2024,8
Stanychno-Luhanska,Explosions/Remote violence,2020,0
Stanychno-Luhanska,Explosions/Remote violence,2021,0
Stanychno-Luhanska,Explosions/Remote violence,2022,0
Stanychno-Luhanska,Explosions/Remote violence,2024,0
Stanyshivska,Explosions/Remote violence,2022,0
Starobeshivska,Battles,2020,0
Starobeshivska,Battles,2021,0
Starobeshivska,Battles,2022,10
Starobeshivska,Battles,2023,5
Starobeshivska,Battles,2024,18
Starobeshivska,Explosions/Remote violence,2020,0
Starobeshivska,Explosions/Remote violence,2021,0
Starobeshivska,Explosions/Remote violence,2022,0
Starobeshivska,Explosions/Remote violence,2023,2
Starobeshivska,Explosions/Remote violence,2024,1
Starobilska,Battles,2022,0
Starobilska,Explosions/Remote violence,2022,89
Starobilska,Explosions/Remote violence,2023,0
Starobilska,Explosions/Remote violence,2024,1
Starokostiantynivska,Explosions/Remote violence,2022,1
Starokostiantynivska,Explosions/Remote violence,2023,0
Starokostiantynivska,Explosions/Remote violence,2024,0
Staromlynivska,Battles,2022,16
Staromlynivska,Battles,2023,89
Staromlynivska,Battles,2024,17
Staromlynivska,Explosions/Remote violence,2022,10
Staromlynivska,Explosions/Remote violence,2023,25
Staromlynivska,Explosions/Remote violence,2024,16
Starosaltivska,Battles,2022,14
Starosaltivska,Battles,2024,2
Starosaltivska,Explosions/Remote violence,2022,16
Starosaltivska,Explosions/Remote violence,2023,1
Starosaltivska,Explosions/Remote violence,2024,4
Starovirivska,Explosions/Remote violence,2024,0
Stavyshchenska,Explosions/Remote violence,2022,0
Stepanivska,Explosions/Remote violence,2022,0
Stepanivska,Explosions/Remote violence,2023,0
Stepanivska,Explosions/Remote violence,2024,0
Stepivska,Explosions/Remote violence,2022,2
Stepivska,Explosions/Remote violence,2023,0
Stepivska,Explosions/Remote violence,2024,0
Stepnenska,Battles,2023,0
Stepnenska,Battles,2024,3
Stepnenska,Explosions/Remote violence,2022,9
Stepnenska,Explosions/Remote violence,2023,2
Stepnenska,Explosions/Remote violence,2024,7
Stepnohirska,Battles,2022,0
Stepnohirska,Battles,2023,33
Stepnohirska,Battles,2024,60
Stepnohirska,Explosions/Remote violence,2022,6
Stepnohirska,Explosions/Remote violence,2023,60
Stepnohirska,Explosions/Remote violence,2024,214
Stryiska,Explosions/Remote violence,2022,0
Stryiska,Explosions/Remote violence,2024,1
Stryzhavska,Explosions/Remote violence,2023,0
Subottsivska,Explosions/Remote violence,2023,0
Sukhopolovianska,Explosions/Remote violence,2024,0
Sumska,Battles,2022,34
Sumska,Battles,2023,0
Sumska,Battles,2024,0
Sumska,Explosions/Remote violence,2022,26
Sumska,Explosions/Remote violence,2023,5
Sumska,Explosions/Remote violence,2024,66
Susaninska,Explosions/Remote violence,2024,0
Suvorovska,Explosions/Remote violence,2024,0
Svativska,Battles,2022,15
Svativska,Battles,2023,0
Svativska,Battles,2024,2
Svativska,Explosions/Remote violence,2022,275
Svativska,Explosions/Remote violence,2023,2
Svativska,Explosions/Remote violence,2024,2
Sveska,Battles,2023,0
Sveska,Explosions/Remote violence,2023,0
Sveska,Explosions/Remote violence,2024,5
Sviatohirska,Battles,2022,115
Sviatohirska,Battles,2023,11
Sviatohirska,Battles,2024,2
Sviatohirska,Explosions/Remote violence,2022,75
Sviatohirska,Explosions/Remote violence,2023,12
Sviatohirska,Explosions/Remote violence,2024,5
Sviatovasylivska,Explosions/Remote violence,2024,0
Svitlodarska,Battles,2020,7
Svitlodarska,Battles,2021,3
Svitlodarska,Battles,2022,135
Svitlodarska,Battles,2023,8
Svitlodarska,Battles,2024,205
Svitlodarska,Explosions/Remote violence,2020,5
Svitlodarska,Explosions/Remote violence,2021,15
Svitlodarska,Explosions/Remote violence,2022,59
Svitlodarska,Explosions/Remote violence,2023,21
Svitlodarska,Explosions/Remote violence,2024,3
Svitlovodska,Explosions/Remote violence,2022,0
Svitlovodska,Explosions/Remote violence,2023,0
Svitlovodska,Explosions/Remote violence,2024,0
Synelnykivska,Explosions/Remote violence,2022,3
Synelnykivska,Explosions/Remote violence,2023,0
Synelnykivska,Explosions/Remote violence,2024,5
Syniukhynobridska,Explosions/Remote violence,2022,0
Tairovska,Explosions/Remote violence,2022,0
Tairovska,Explosions/Remote violence,2023,0
Talalaivska,Battles,2022,0
Talalaivska,Explosions/Remote violence,2022,0
Tatarbunarska,Explosions/Remote violence,2022,0
Tavriiska,Battles,2024,0
Tavriiska,Explosions/Remote violence,2022,10
Tavriiska,Explosions/Remote violence,2023,10
Tavriiska,Explosions/Remote violence,2024,13
Tavriyska,Battles,2023,0
Tavriyska,Explosions/Remote violence,2022,25
Tavriyska,Explosions/Remote violence,2023,0
Tavriyska,Explosions/Remote violence,2024,0
Tavrychanska,Explosions/Remote violence,2024,0
Ternivska,Battles,2023,0
Ternivska,Explosions/Remote violence,2023,0
Ternopilska,Explosions/Remote violence,2022,0
Ternopilska,Explosions/Remote violence,2023,0
Ternopilska,Explosions/Remote violence,2024,1
Ternuvatska,Battles,2024,5
Ternuvatska,Explosions/Remote violence,2022,1
Ternuvatska,Explosions/Remote violence,2023,2
Ternuvatska,Explosions/Remote violence,2024,5
Terpinnivska,Battles,2022,0
Terpinnivska,Battles,2024,0
Terpinnivska,Explosions/Remote violence,2022,6
Terpinnivska,Explosions/Remote violence,2023,5
Terpinnivska,Explosions/Remote violence,2024,3
Teterivska,Explosions/Remote violence,2022,0
Tiahynska,Battles,2022,0
Tiahynska,Battles,2023,0
Tiahynska,Battles,2024,28
Tiahynska,Explosions/Remote violence,2022,100
Tiahynska,Explosions/Remote violence,2023,53
Tiahynska,Explosions/Remote violence,2024,205
Tlumatska,Explosions/Remote violence,2022,0
Tokmatska,Battles,2022,60
Tokmatska,Battles,2023,1252
Tokmatska,Battles,2024,340
Tokmatska,Explosions/Remote violence,2022,292
Tokmatska,Explosions/Remote violence,2023,321
Tokmatska,Explosions/Remote violence,2024,131
Tomakivska,Explosions/Remote violence,2022,0
Toretska,Battles,2020,1
Toretska,Battles,2021,3
Toretska,Battles,2022,20
Toretska,Battles,2023,146
Toretska,Battles,2024,1135
Toretska,Explosions/Remote violence,2020,2
Toretska,Explosions/Remote violence,2021,8
Toretska,Explosions/Remote violence,2022,95
Toretska,Explosions/Remote violence,2023,178
Toretska,Explosions/Remote violence,2024,291
Troitska,Battles,2022,0
Troitska,Battles,2024,3
Troitska,Explosions/Remote violence,2022,11
Troitska,Explosions/Remote violence,2023,0
Troitska,Explosions/Remote violence,2024,0
Trostianetska,Battles,2022,3
Trostianetska,Explosions/Remote violence,2022,15
Trostianetska,Explosions/Remote violence,2023,1
Trostianetska,Explosions/Remote violence,2024,1
Tsarychanska,Explosions/Remote violence,2024,5
Tsyrkunivska,Battles,2022,30
Tsyrkunivska,Battles,2024,2
Tsyrkunivska,Explosions/Remote violence,2022,20
Tsyrkunivska,Explosions/Remote violence,2023,1
Tsyrkunivska,Explosions/Remote violence,2024,15
Tulchynska,Explosions/Remote violence,2022,0
Tulchynska,Explosions/Remote violence,2024,0
Tuzlivska,Explosions/Remote violence,2022,0
Udachnenska,Battles,2024,20
Udachnenska,Explosions/Remote violence,2022,2
Udachnenska,Explosions/Remote violence,2023,1
Udachnenska,Explosions/Remote violence,2024,9
Ukrainska,Battles,2022,0
Ukrainska,Explosions/Remote violence,2022,0
Ukrainska,Explosions/Remote violence,2023,0
Ukrainska,Explosions/Remote violence,2024,0
Ukromnivska,Explosions/Remote violence,2022,0
Ukromnivska,Explosions/Remote violence,2023,0
Ukromnivska,Explosions/Remote violence,2024,9
Ulashanivska,Battles,2022,1
Umanska,Explosions/Remote violence,2022,2
Umanska,Explosions/Remote violence,2023,24
Umanska,Explosions/Remote violence,2024,1
Usativska,Explosions/Remote violence,2023,0
Ushomyrska,Battles,2022,0
Ushomyrska,Explosions/Remote violence,2022,0
Ustynivska,Battles,2022,0
Vakulivska,Explosions/Remote violence,2022,0
Valkivska,Explosions/Remote violence,2022,0
Varaska,Explosions/Remote violence,2023,2
Varvynska,Explosions/Remote violence,2022,0
Varvynska,Explosions/Remote violence,2024,0
Vasylivska,Battles,2022,10
Vasylivska,Battles,2023,23
Vasylivska,Battles,2024,35
Vasylivska,Explosions/Remote violence,2022,18
Vasylivska,Explosions/Remote violence,2023,46
Vasylivska,Explosions/Remote violence,2024,87
Vasylkivska,Battles,2022,3
Vasylkivska,Explosions/Remote violence,2022,4
Vasylkivska,Explosions/Remote violence,2023,0
Vasylkivska,Explosions/Remote violence,2024,0
Velykobilozerska,Explosions/Remote violence,2022,57
Velykoburlutska,Battles,2022,0
Velykoburlutska,Battles,2023,2
Velykoburlutska,Explosions/Remote violence,2022,6
Velykoburlutska,Explosions/Remote violence,2023,7
Velykoburlutska,Explosions/Remote violence,2024,28
Velykodalnytska,Explosions/Remote violence,2022,0
Velykodolynska,Explosions/Remote violence,2022,0
Velykodymerska,Battles,2022,3
Velykodymerska,Explosions/Remote violence,2022,5
Velykodymerska,Explosions/Remote violence,2023,0
Velykokopanivska,Battles,2023,2
Velykokopanivska,Explosions/Remote violence,2022,0
Velykokopanivska,Explosions/Remote violence,2023,6
Velykokopanivska,Explosions/Remote violence,2024,1
Velykolepetyska,Battles,2022,0
Velykolepetyska,Battles,2023,20
Velykolepetyska,Explosions/Remote violence,2022,0
Velykolepetyska,Explosions/Remote violence,2023,0
Velykolepetyska,Explosions/Remote violence,2024,0
Velykomykhailivska,Explosions/Remote violence,2022,10
Velykomykhailivska,Explosions/Remote violence,2023,0
Velykomykhailivska,Explosions/Remote violence,2024,0
Velykonovosilkivska,Battles,2022,214
Velykonovosilkivska,Battles,2023,526
Velykonovosilkivska,Battles,2024,1160
Velykonovosilkivska,Explosions/Remote violence,2022,54
Velykonovosilkivska,Explosions/Remote violence,2023,558
Velykonovosilkivska,Explosions/Remote violence,2024,693
Velykooleksandrivska,Battles,2022,450
Velykooleksandrivska,Battles,2024,5
Velykooleksandrivska,Explosions/Remote violence,2022,196
Velykooleksandrivska,Explosions/Remote violence,2023,19
Velykooleksandrivska,Explosions/Remote violence,2024,39
Velykopysarivska,Battles,2022,0
Velykopysarivska,Battles,2024,12
Velykopysarivska,Explosions/Remote violence,2022,6
Velykopysarivska,Explosions/Remote violence,2023,3
Velykopysarivska,Explosions/Remote violence,2024,35
Velykosorochynska,Explosions/Remote violence,2023,1
Velykosorochynska,Explosions/Remote violence,2024,0
Verkhnorohachytska,Explosions/Remote violence,2023,0
Verkhnorohachytska,Explosions/Remote violence,2024,0
Verkhnosadivska,Explosions/Remote violence,2023,0
Verkhnosyrovatska,Explosions/Remote violence,2022,0
Verkhnosyrovatska,Explosions/Remote violence,2024,1
Vertiivska,Explosions/Remote violence,2024,0
Veselynivska,Explosions/Remote violence,2024,0
Vesnianska,Explosions/Remote violence,2022,0
Vesnianska,Explosions/Remote violence,2023,0
Vesnianska,Explosions/Remote violence,2024,0
Vilhuvatska,Battles,2022,0
Vilhuvatska,Explosions/Remote violence,2022,0
Vilhuvatska,Explosions/Remote violence,2023,0
Vilhuvatska,Explosions/Remote violence,2024,35
Vilkhivska,Battles,2022,6
Vilkhivska,Explosions/Remote violence,2021,0
Vilkhivska,Explosions/Remote violence,2022,16
Vilkhivska,Explosions/Remote violence,2023,0
Vilkhivska,Explosions/Remote violence,2024,3
Vilnenska,Explosions/Remote violence,2023,0
Vilnianska,Battles,2023,0
Vilnianska,Explosions/Remote violence,2022,11
Vilnianska,Explosions/Remote violence,2023,0
Vilnianska,Explosions/Remote violence,2024,8
Vilnohirska,Explosions/Remote violence,2022,0
Vilnozaporizka,Battles,2022,0
Vilnozaporizka,Explosions/Remote violence,2022,0
Vilshanska,Explosions/Remote violence,2023,0
Vinnytska,Explosions/Remote violence,2022,35
Vinnytska,Explosions/Remote violence,2023,0
Vinnytska,Explosions/Remote violence,2024,4
Vodianska,Battles,2022,0
Vodianska,Explosions/Remote violence,2022,0
Vodianska,Explosions/Remote violence,2023,0
Vodianska,Explosions/Remote violence,2024,0
Volnovaska,Battles,2020,0
Volnovaska,Battles,2021,0
Volnovaska,Battles,2022,20
Volnovaska,Battles,2023,0
Volnovaska,Battles,2024,3
Volnovaska,Explosions/Remote violence,2020,0
Volnovaska,Explosions/Remote violence,2021,0
Volnovaska,Explosions/Remote violence,2022,22
Volnovaska,Explosions/Remote violence,2023,14
Volnovaska,Explosions/Remote violence,2024,82
Volodymyr-Volynska,Explosions/Remote violence,2022,0
Volodymyrivska,Battles,2022,0
Volodymyrivska,Explosions/Remote violence,2022,0
Volovetska,Explosions/Remote violence,2022,0
Voronovytska,Explosions/Remote violence,2022,0
Voronovytska,Explosions/Remote violence,2024,0
Vorozhbianska,Battles,2024,2
Vorozhbianska,Explosions/Remote violence,2022,1
Vorozhbianska,Explosions/Remote violence,2023,0
Vorozhbianska,Explosions/Remote violence,2024,5
Voskresenska,Battles,2022,0
Voskresenska,Explosions/Remote violence,2022,36
Voskresenska,Explosions/Remote violence,2023,0
Vovchanska,Battles,2022,79
Vovchanska,Battles,2023,0
Vovchanska,Battles,2024,3335
Vovchanska,Explosions/Remote violence,2022,17
Vovchanska,Explosions/Remote violence,2023,29
Vovchanska,Explosions/Remote violence,2024,308
Vozdvyzhivska,Battles,2024,5
Vozdvyzhivska,Explosions/Remote violence,2022,5
Vozdvyzhivska,Explosions/Remote violence,2023,3
Vozdvyzhivska,Explosions/Remote violence,2024,10
Voznesenska,Battles,2022,0
Voznesenska,Explosions/Remote violence,2022,25
Voznesenska,Explosions/Remote violence,2023,0
Voznesenska,Explosions/Remote violence,2024,2
Vuhledarska,Battles,2020,1
Vuhledarska,Battles,2021,0
Vuhledarska,Battles,2022,488
Vuhledarska,Battles,2023,704
Vuhledarska,Battles,2024,399
Vuhledarska,Explosions/Remote violence,2020,1
Vuhledarska,Explosions/Remote violence,2021,1
Vuhledarska,Explosions/Remote violence,2022,74
Vuhledarska,Explosions/Remote violence,2023,466
Vuhledarska,Explosions/Remote violence,2024,259
Vuhlehirska,Battles,2020,0
Vuhlehirska,Battles,2021,0
Vuhlehirska,Battles,2022,0
Vuhlehirska,Explosions/Remote violence,2021,0
Vuhlehirska,Explosions/Remote violence,2022,0
Vuhlehirska,Explosions/Remote violence,2023,0
Vuhlehirska,Explosions/Remote violence,2024,0
Vyhodianska,Explosions/Remote violence,2020,0
Vyhodianska,Explosions/Remote violence,2022,0
Vyhodianska,Explosions/Remote violence,2023,0
Vylkivska,Explosions/Remote violence,2022,0
Vylkivska,Explosions/Remote violence,2023,0
Vylkivska,Explosions/Remote violence,2024,0
Vynohradivska,Explosions/Remote violence,2022,80
Vynohradivska,Explosions/Remote violence,2023,1
Vynohradivska,Explosions/Remote violence,2024,0
Vyshevytska,Explosions/Remote violence,2022,0
Vyshhorodska,Battles,2022,4
Vyshhorodska,Explosions/Remote violence,2022,11
Vyshhorodska,Explosions/Remote violence,2024,0
Vyshneva,Explosions/Remote violence,2022,0
Vyshneva,Explosions/Remote violence,2023,0
Vysochanska,Explosions/Remote violence,2022,16
Vysochanska,Explosions/Remote violence,2023,0
Vysochanska,Explosions/Remote violence,2024,0
Vysokopilska,Battles,2022,71
Vysokopilska,Battles,2024,13
Vysokopilska,Explosions/Remote violence,2022,42
Vysokopilska,Explosions/Remote violence,2023,21
Vysokopilska,Explosions/Remote violence,2024,10
Vyzyrska,Battles,2020,0
Yakymivska,Battles,2024,4
Yakymivska,Explosions/Remote violence,2022,17
Yakymivska,Explosions/Remote violence,2023,0
Yakymivska,Explosions/Remote violence,2024,3
Yaltynska,Explosions/Remote violence,2023,0
Yampilska,Battles,2022,0
Yampilska,Explosions/Remote violence,2022,0
Yampilska,Explosions/Remote violence,2023,0
Yampilska,Explosions/Remote violence,2024,5
Yarkopolenska,Explosions/Remote violence,2023,0
Yarmolynetska,Explosions/Remote violence,2022,0
Yaryshivska,Explosions/Remote violence,2022,1
Yaskivska,Explosions/Remote violence,2022,0
Yasynuvatska,Battles,2020,3
Yasynuvatska,Battles,2021,1
Yasynuvatska,Battles,2022,14
Yasynuvatska,Battles,2023,1
Yasynuvatska,Battles,2024,0
Yasynuvatska,Explosions/Remote violence,2020,1
Yasynuvatska,Explosions/Remote violence,2021,2
Yasynuvatska,Explosions/Remote violence,2022,28
Yasynuvatska,Explosions/Remote violence,2023,21
Yasynuvatska,Explosions/Remote violence,2024,2
Yavorivska,Battles,2024,0
Yavorivska,Explosions/Remote violence,2022,35
Yavorivska,Explosions/Remote violence,2023,0
Yenakiievska,Battles,2020,0
Yenakiievska,Battles,2021,0
Yenakiievska,Explosions/Remote violence,2020,0
Yenakiievska,Explosions/Remote violence,2021,0
Yenakiievska,Explosions/Remote violence,2022,0
Yenakiievska,Explosions/Remote violence,2023,1
Yenakiievska,Explosions/Remote violence,2024,1
Yevpatoriiska,Explosions/Remote violence,2022,0
Yevpatoriiska,Explosions/Remote violence,2023,0
Yevpatoriiska,Explosions/Remote violence,2024,0
Yunakivska,Battles,2023,0
Yunakivska,Battles,2024,3
Yunakivska,Explosions/Remote violence,2022,4
Yunakivska,Explosions/Remote violence,2023,7
Yunakivska,Explosions/Remote violence,2024,116
Yurivska,Explosions/Remote violence,2022,0
Yurivska,Explosions/Remote violence,2023,0
Yuvileina,Battles,2022,0
Yuvileina,Explosions/Remote violence,2022,0
Yuvileina,Explosions/Remote violence,2023,6
Yuvileina,Explosions/Remote violence,2024,60
Yuzhnenska,Explosions/Remote violence,2022,0
Yuzhnenska,Explosions/Remote violence,2023,0
Yuzhnenska,Explosions/Remote violence,2024,0
Yuzhnoukrainska,Explosions/Remote violence,2022,0
Zabolottivska,Explosions/Remote violence,2023,1
Zaitsivska,Explosions/Remote violence,2023,0
Zakharivska,Explosions/Remote violence,2022,0
Zaozernenska,Explosions/Remote violence,2022,0
Zaozernenska,Explosions/Remote violence,2023,0
Zaozernenska,Explosions/Remote violence,2024,0
Zaporizka,Battles,2022,332
Zaporizka,Battles,2023,1487
Zaporizka,Battles,2024,11
Zaporizka,Explosions/Remote violence,2022,394
Zaporizka,Explosions/Remote violence,2023,37
Zaporizka,Explosions/Remote violence,2024,91
Zarichnenska,Explosions/Remote violence,2022,0
Zatyshnianska,Explosions/Remote violence,2022,0
Zatyshnianska,Explosions/Remote violence,2024,0
Zazymska,Battles,2022,0
Zazymska,Explosions/Remote violence,2022,1
Zdolbunivska,Explosions/Remote violence,2022,0
Zelenodolska,Battles,2022,0
Zelenodolska,Explosions/Remote violence,2022,27
Zelenodolska,Explosions/Remote violence,2023,0
Zelenodolska,Explosions/Remote violence,2024,0
Zelenopidska,Explosions/Remote violence,2022,200
Zelenopidska,Explosions/Remote violence,2023,2
Zelenopidska,Explosions/Remote violence,2024,0
Zhdanivska,Battles,2024,20
Zhdanivska,Explosions/Remote violence,2022,0
Zhdanivska,Explosions/Remote violence,2024,10
Zhmerynska,Explosions/Remote violence,2022,3
Zhmerynska,Explosions/Remote violence,2024,0
Zhytomyrska,Battles,2022,1
Zhytomyrska,Explosions/Remote violence,2020,0
Zhytomyrska,Explosions/Remote violence,2022,9
Zhytomyrska,Explosions/Remote violence,2023,0
Zhytomyrska,Explosions/Remote violence,2024,1
Zmiivska,Explosions/Remote violence,2022,0
Zmiivska,Explosions/Remote violence,2023,0
Zmiivska,Explosions/Remote violence,2024,1
Znamianska,Explosions/Remote violence,2022,0
Znob-Novhorodska,Battles,2023,0
Znob-Novhorodska,Battles,2024,2
Znob-Novhorodska,Explosions/Remote violence,2022,0
Znob-Novhorodska,Explosions/Remote violence,2023,1
Znob-Novhorodska,Explosions/Remote violence,2024,4
Zolochivska,Battles,2022,20
Zolochivska,Battles,2023,5
Zolochivska,Battles,2024,132
Zolochivska,Explosions/Remote violence,2022,76
Zolochivska,Explosions/Remote violence,2023,13
Zolochivska,Explosions/Remote violence,2024,72
Zolotoniska,Explosions/Remote violence,2023,0
Zolotoniska,Explosions/Remote violence,2024,0
Zvanivska,Battles,2022,90
Zvanivska,Battles,2023,3
Zvanivska,Battles,2024,132
Zvanivska,Explosions/Remote violence,2022,20
Zvanivska,Explosions/Remote violence,2023,10
Zvanivska,Explosions/Remote violence,2024,89
Zvenyhorodska,Explosions/Remote violence,2023,0
Zvenyhorodska,Explosions/Remote violence,2024,0
Zymohirivska,Battles,2020,0
Zymohirivska,Battles,2021,1
Zymohirivska,Battles,2023,3
Zymohirivska,Explosions/Remote violence,2020,2
Zymohirivska,Explosions/Remote violence,2021,1
Zymohirivska,Explosions/Remote violence,2022,2
