Section,REPORTER_LAB,PARTNER_LAB,PERIOD_LAB,INDICATOR_VALUE
Cereals,Austria,Russian Federation (Russia),2021,387979
Cereals,Austria,Russian Federation (Russia),2023,407996
Cereals,Austria,Ukraine,2021,1592435
Cereals,Austria,Ukraine,2023,49999533
Cereals,Austria,World,2021,629470192
Cereals,Austria,World,2023,747400081
Cereals,Belgium,Russian Federation (Russia),2021,3957671
Cereals,Belgium,Russian Federation (Russia),2023,2856602
Cereals,Belgium,Ukraine,2021,155388259
Cereals,Belgium,Ukraine,2023,97921231
Cereals,Belgium,World,2021,2364500242
Cereals,Belgium,World,2023,2540749035
Cereals,Bulgaria,Russian Federation (Russia),2021,346473
Cereals,Bulgaria,Russian Federation (Russia),2023,18460
Cereals,Bulgaria,Ukraine,2021,1509444
Cereals,Bulgaria,Ukraine,2023,4701959
Cereals,Bulgaria,World,2021,106597834
Cereals,Bulgaria,World,2023,159990430
Cereals,Croatia,Ukraine,2021,286513
Cereals,Croatia,Ukraine,2023,28500466
Cereals,Croatia,World,2021,83962347
Cereals,Croatia,World,2023,156054628
Cereals,Cyprus,Russian Federation (Russia),2021,11570891
Cereals,Cyprus,Russian Federation (Russia),2023,3906761
Cereals,Cyprus,Ukraine,2021,6849432
Cereals,Cyprus,Ukraine,2023,86404683
Cereals,Cyprus,World,2021,135722756
Cereals,Cyprus,World,2023,159059287
Cereals,Czechia,Russian Federation (Russia),2021,218252
Cereals,Czechia,Russian Federation (Russia),2023,79789
Cereals,Czechia,Ukraine,2021,840698
Cereals,Czechia,Ukraine,2023,16733769
Cereals,Czechia,World,2021,178745617
Cereals,Czechia,World,2023,263821434
Cereals,Denmark,Russian Federation (Russia),2021,3387541
Cereals,Denmark,Russian Federation (Russia),2023,2467
Cereals,Denmark,Ukraine,2021,979898
Cereals,Denmark,Ukraine,2023,6155455
Cereals,Denmark,World,2021,161653670
Cereals,Denmark,World,2023,226846070
Cereals,Estonia,Russian Federation (Russia),2021,159705
Cereals,Estonia,Russian Federation (Russia),2023,7935533
Cereals,Estonia,Ukraine,2021,259864
Cereals,Estonia,Ukraine,2023,1724301
Cereals,Estonia,World,2021,19472318
Cereals,Estonia,World,2023,33078614
Cereals,European Union,Russian Federation (Russia),2021,291714384
Cereals,European Union,Russian Federation (Russia),2023,436352085
Cereals,European Union,Ukraine,2021,1749435893
Cereals,European Union,Ukraine,2023,5022887027
Cereals,Finland,Russian Federation (Russia),2021,989582
Cereals,Finland,World,2021,51910223
Cereals,Finland,World,2023,67382479
Cereals,France,Russian Federation (Russia),2021,1282757
Cereals,France,Russian Federation (Russia),2023,102487
Cereals,France,Ukraine,2021,400629
Cereals,France,Ukraine,2023,24799892
Cereals,France,World,2021,928057189
Cereals,France,World,2023,1133257266
Cereals,Germany,Russian Federation (Russia),2021,2441712
Cereals,Germany,Russian Federation (Russia),2023,1348011
Cereals,Germany,Ukraine,2021,41737165
Cereals,Germany,Ukraine,2023,158546638
Cereals,Germany,World,2021,3111011843
Cereals,Germany,World,2023,4106186210
Cereals,Greece,Russian Federation (Russia),2021,94078634
Cereals,Greece,Russian Federation (Russia),2023,75432878
Cereals,Greece,Ukraine,2021,10936471
Cereals,Greece,Ukraine,2023,126927795
Cereals,Greece,World,2021,547800822
Cereals,Greece,World,2023,544401590
Cereals,Hungary,Russian Federation (Russia),2021,53166
Cereals,Hungary,Russian Federation (Russia),2023,206201
Cereals,Hungary,Ukraine,2021,6039526
Cereals,Hungary,Ukraine,2023,209958574
Cereals,Hungary,World,2021,305812869
Cereals,Hungary,World,2023,515256508
Cereals,Ireland,Russian Federation (Russia),2021,218668
Cereals,Ireland,Russian Federation (Russia),2023,10
Cereals,Ireland,Ukraine,2021,36846107
Cereals,Ireland,Ukraine,2023,3879383
Cereals,Ireland,World,2021,423723209
Cereals,Ireland,World,2023,548279315
Cereals,Italy,Russian Federation (Russia),2021,80686043
Cereals,Italy,Russian Federation (Russia),2023,175837459
Cereals,Italy,Ukraine,2021,210764225
Cereals,Italy,Ukraine,2023,629296238
Cereals,Italy,World,2021,3535139736
Cereals,Italy,World,2023,5249846955
Cereals,Latvia,Russian Federation (Russia),2021,27857036
Cereals,Latvia,Russian Federation (Russia),2023,88498558
Cereals,Latvia,Ukraine,2021,1963529
Cereals,Latvia,Ukraine,2023,13122243
Cereals,Latvia,World,2021,207363255
Cereals,Latvia,World,2023,314634487
Cereals,Lithuania,Russian Federation (Russia),2021,13238932
Cereals,Lithuania,Russian Federation (Russia),2023,10534590
Cereals,Lithuania,Ukraine,2021,8535171
Cereals,Lithuania,Ukraine,2023,27259268
Cereals,Lithuania,World,2021,86329112
Cereals,Lithuania,World,2023,182433867
Cereals,Luxembourg,Ukraine,2023,32880
Cereals,Luxembourg,World,2021,60922420
Cereals,Luxembourg,World,2023,72848355
Cereals,Malta,Russian Federation (Russia),2021,744811
Cereals,Malta,Russian Federation (Russia),2023,207
Cereals,Malta,Ukraine,2021,708
Cereals,Malta,World,2021,24742021
Cereals,Malta,World,2023,34437613
Cereals,Netherlands,Russian Federation (Russia),2021,4529723
Cereals,Netherlands,Russian Federation (Russia),2023,2552673
Cereals,Netherlands,Ukraine,2021,548395294
Cereals,Netherlands,Ukraine,2023,410590120
Cereals,Netherlands,World,2021,3532617048
Cereals,Netherlands,World,2023,3863698741
Cereals,Poland,Russian Federation (Russia),2021,4901408
Cereals,Poland,Russian Federation (Russia),2023,4089373
Cereals,Poland,Ukraine,2021,14682282
Cereals,Poland,Ukraine,2023,214420591
Cereals,Poland,World,2021,496030947
Cereals,Poland,World,2023,722417645
Cereals,Portugal,Russian Federation (Russia),2021,4104285
Cereals,Portugal,Ukraine,2021,152050079
Cereals,Portugal,Ukraine,2023,257631099
Cereals,Portugal,World,2021,934152387
Cereals,Portugal,World,2023,1323027788
Cereals,Romania,Russian Federation (Russia),2021,16474
Cereals,Romania,Ukraine,2021,1760791
Cereals,Romania,Ukraine,2023,211590154
Cereals,Romania,World,2021,678753185
Cereals,Romania,World,2023,701783039
Cereals,Slovakia,Russian Federation (Russia),2021,4
Cereals,Slovakia,Ukraine,2021,137498
Cereals,Slovakia,Ukraine,2023,72039516
Cereals,Slovakia,World,2021,103267133
Cereals,Slovakia,World,2023,217604402
Cereals,Slovenia,Ukraine,2021,2163427
Cereals,Slovenia,Ukraine,2023,235753346
Cereals,Slovenia,World,2021,265691870
Cereals,Slovenia,World,2023,485376626
Cereals,Spain,Russian Federation (Russia),2021,36288726
Cereals,Spain,Russian Federation (Russia),2023,62537219
Cereals,Spain,Ukraine,2021,545300528
Cereals,Spain,Ukraine,2023,2134876978
Cereals,Spain,World,2021,3409123143
Cereals,Spain,World,2023,6477670619
Cereals,Sweden,Russian Federation (Russia),2021,253911
Cereals,Sweden,Russian Federation (Russia),2023,4811
Cereals,Sweden,Ukraine,2021,15920
Cereals,Sweden,Ukraine,2023,20915
Cereals,Sweden,World,2021,122176121
Cereals,Sweden,World,2023,197574658
Chemicals,Austria,Russian Federation (Russia),2021,31250786
Chemicals,Austria,Russian Federation (Russia),2023,13106847
Chemicals,Austria,Ukraine,2021,8778382
Chemicals,Austria,Ukraine,2023,3691911
Chemicals,Austria,World,2021,21450736516
Chemicals,Austria,World,2023,24433394834
Chemicals,Belgium,Russian Federation (Russia),2021,465434905
Chemicals,Belgium,Russian Federation (Russia),2023,207715016
Chemicals,Belgium,Ukraine,2021,2648409
Chemicals,Belgium,Ukraine,2023,4036769
Chemicals,Belgium,World,2021,116550452896
Chemicals,Belgium,World,2023,122302488060
Chemicals,Bulgaria,Russian Federation (Russia),2021,71655696
Chemicals,Bulgaria,Russian Federation (Russia),2023,58393262
Chemicals,Bulgaria,Ukraine,2021,83860336
Chemicals,Bulgaria,Ukraine,2023,34496985
Chemicals,Bulgaria,World,2021,4517952256
Chemicals,Bulgaria,World,2023,5229472707
Chemicals,Croatia,Russian Federation (Russia),2021,9770717
Chemicals,Croatia,Russian Federation (Russia),2023,16199686
Chemicals,Croatia,Ukraine,2021,1542195
Chemicals,Croatia,Ukraine,2023,475916
Chemicals,Croatia,World,2021,3497087474
Chemicals,Croatia,World,2023,4072430591
Chemicals,Cyprus,Russian Federation (Russia),2021,1363337
Chemicals,Cyprus,Russian Federation (Russia),2023,707475
Chemicals,Cyprus,Ukraine,2021,135058
Chemicals,Cyprus,Ukraine,2023,184948
Chemicals,Cyprus,World,2021,887130697
Chemicals,Cyprus,World,2023,1162324208
Chemicals,Czechia,Russian Federation (Russia),2021,179811381
Chemicals,Czechia,Russian Federation (Russia),2023,60981872
Chemicals,Czechia,Ukraine,2021,26464902
Chemicals,Czechia,Ukraine,2023,31081077
Chemicals,Czechia,World,2021,16308955945
Chemicals,Czechia,World,2023,18122151454
Chemicals,Denmark,Russian Federation (Russia),2021,77382698
Chemicals,Denmark,Russian Federation (Russia),2023,1810974
Chemicals,Denmark,Ukraine,2021,862755
Chemicals,Denmark,Ukraine,2023,595484
Chemicals,Denmark,World,2021,11214036827
Chemicals,Denmark,World,2023,11363600669
Chemicals,Estonia,Russian Federation (Russia),2021,192898266
Chemicals,Estonia,Russian Federation (Russia),2023,44789316
Chemicals,Estonia,Ukraine,2021,1163678
Chemicals,Estonia,Ukraine,2023,1087813
Chemicals,Estonia,World,2021,1783746847
Chemicals,Estonia,World,2023,1829956222
Chemicals,European Union,Russian Federation (Russia),2021,5524462007
Chemicals,European Union,Russian Federation (Russia),2023,2782886008
Chemicals,European Union,Ukraine,2021,827610870
Chemicals,European Union,Ukraine,2023,399116365
Chemicals,Finland,Russian Federation (Russia),2021,529117420
Chemicals,Finland,Russian Federation (Russia),2023,67120489
Chemicals,Finland,Ukraine,2021,2210522
Chemicals,Finland,Ukraine,2023,170353
Chemicals,Finland,World,2021,6506679930
Chemicals,Finland,World,2023,7025157037
Chemicals,France,Russian Federation (Russia),2021,289160398
Chemicals,France,Russian Federation (Russia),2023,642698662
Chemicals,France,Ukraine,2021,36731416
Chemicals,France,Ukraine,2023,4379221
Chemicals,France,World,2021,73404810220
Chemicals,France,World,2023,83797068113
Chemicals,Germany,Russian Federation (Russia),2021,406046289
Chemicals,Germany,Russian Federation (Russia),2023,387132093
Chemicals,Germany,Ukraine,2021,100921856
Chemicals,Germany,Ukraine,2023,51640415
Chemicals,Germany,World,2021,149274878716
Chemicals,Germany,World,2023,164358227537
Chemicals,Greece,Russian Federation (Russia),2021,43101925
Chemicals,Greece,Russian Federation (Russia),2023,31949249
Chemicals,Greece,Ukraine,2021,6536371
Chemicals,Greece,Ukraine,2023,859968
Chemicals,Greece,World,2021,9018221634
Chemicals,Greece,World,2023,9764003275
Chemicals,Hungary,Russian Federation (Russia),2021,225617134
Chemicals,Hungary,Russian Federation (Russia),2023,75556569
Chemicals,Hungary,Ukraine,2021,35650073
Chemicals,Hungary,Ukraine,2023,13107314
Chemicals,Hungary,World,2021,12853159947
Chemicals,Hungary,World,2023,17878895937
Chemicals,Ireland,Russian Federation (Russia),2021,131342822
Chemicals,Ireland,Russian Federation (Russia),2023,9264425
Chemicals,Ireland,Ukraine,2021,2671828
Chemicals,Ireland,Ukraine,2023,404653
Chemicals,Ireland,World,2021,24263855514
Chemicals,Ireland,World,2023,37720779384
Chemicals,Italy,Russian Federation (Russia),2021,132002172
Chemicals,Italy,Russian Federation (Russia),2023,95102154
Chemicals,Italy,Ukraine,2021,116159694
Chemicals,Italy,Ukraine,2023,8799305
Chemicals,Italy,World,2021,61768535571
Chemicals,Italy,World,2023,77001814323
Chemicals,Latvia,Russian Federation (Russia),2021,174964053
Chemicals,Latvia,Russian Federation (Russia),2023,23984775
Chemicals,Latvia,Ukraine,2021,41380131
Chemicals,Latvia,Ukraine,2023,61610567
Chemicals,Latvia,World,2021,2173316887
Chemicals,Latvia,World,2023,2531095828
Chemicals,Lithuania,Russian Federation (Russia),2021,275107955
Chemicals,Lithuania,Russian Federation (Russia),2023,76852334
Chemicals,Lithuania,Ukraine,2021,6264173
Chemicals,Lithuania,Ukraine,2023,8072340
Chemicals,Lithuania,World,2021,4612797484
Chemicals,Lithuania,World,2023,5059030089
Chemicals,Luxembourg,Russian Federation (Russia),2021,1092163
Chemicals,Luxembourg,Russian Federation (Russia),2023,17190
Chemicals,Luxembourg,Ukraine,2021,538171
Chemicals,Luxembourg,Ukraine,2023,337
Chemicals,Luxembourg,World,2021,1911156100
Chemicals,Luxembourg,World,2023,2028639085
Chemicals,Malta,Russian Federation (Russia),2021,591044
Chemicals,Malta,Russian Federation (Russia),2023,114174
Chemicals,Malta,Ukraine,2021,42305
Chemicals,Malta,Ukraine,2023,8295
Chemicals,Malta,World,2021,583700061
Chemicals,Malta,World,2023,695793501
Chemicals,Netherlands,Russian Federation (Russia),2021,395821623
Chemicals,Netherlands,Russian Federation (Russia),2023,154107263
Chemicals,Netherlands,Ukraine,2021,14650716
Chemicals,Netherlands,Ukraine,2023,38795417
Chemicals,Netherlands,World,2021,79831658397
Chemicals,Netherlands,World,2023,94033004705
Chemicals,Poland,Russian Federation (Russia),2021,965637510
Chemicals,Poland,Russian Federation (Russia),2023,488645818
Chemicals,Poland,Ukraine,2021,172522719
Chemicals,Poland,Ukraine,2023,85036758
Chemicals,Poland,World,2021,28944529256
Chemicals,Poland,World,2023,34918950234
Chemicals,Portugal,Russian Federation (Russia),2021,78308381
Chemicals,Portugal,Russian Federation (Russia),2023,39532328
Chemicals,Portugal,Ukraine,2021,11002727
Chemicals,Portugal,Ukraine,2023,143510
Chemicals,Portugal,World,2021,10208683583
Chemicals,Portugal,World,2023,11904328652
Chemicals,Romania,Russian Federation (Russia),2021,153128914
Chemicals,Romania,Russian Federation (Russia),2023,95539586
Chemicals,Romania,Ukraine,2021,71793459
Chemicals,Romania,Ukraine,2023,33287764
Chemicals,Romania,World,2021,10925050495
Chemicals,Romania,World,2023,12745664328
Chemicals,Slovakia,Russian Federation (Russia),2021,67588425
Chemicals,Slovakia,Russian Federation (Russia),2023,11335179
Chemicals,Slovakia,Ukraine,2021,24949160
Chemicals,Slovakia,Ukraine,2023,3654736
Chemicals,Slovakia,World,2021,5760404146
Chemicals,Slovakia,World,2023,6242795540
Chemicals,Slovenia,Russian Federation (Russia),2021,69192541
Chemicals,Slovenia,Russian Federation (Russia),2023,76642955
Chemicals,Slovenia,Ukraine,2021,12293347
Chemicals,Slovenia,Ukraine,2023,4925738
Chemicals,Slovenia,World,2021,10855924795
Chemicals,Slovenia,World,2023,20870396125
Chemicals,Spain,Russian Federation (Russia),2021,187902783
Chemicals,Spain,Russian Federation (Russia),2023,101310890
Chemicals,Spain,Ukraine,2021,43554864
Chemicals,Spain,Ukraine,2023,8449554
Chemicals,Spain,World,2021,51463433945
Chemicals,Spain,World,2023,53296642934
Chemicals,Sweden,Russian Federation (Russia),2021,369170669
Chemicals,Sweden,Russian Federation (Russia),2023,2275427
Chemicals,Sweden,Ukraine,2021,2281623
Chemicals,Sweden,Ukraine,2023,119217
Chemicals,Sweden,World,2021,14288172371
Chemicals,Sweden,World,2023,17217944670
Coal,Austria,Russian Federation (Russia),2021,22576152
Coal,Austria,Russian Federation (Russia),2023,314402
Coal,Austria,Ukraine,2021,24
Coal,Austria,Ukraine,2023,8584475
Coal,Austria,World,2021,427739314
Coal,Austria,World,2023,652956890
Coal,Belgium,Russian Federation (Russia),2021,236760036
Coal,Belgium,World,2021,584051860
Coal,Belgium,World,2023,1116531556
Coal,Bulgaria,Russian Federation (Russia),2021,84634448
Coal,Bulgaria,Ukraine,2021,682667
Coal,Bulgaria,World,2021,93720065
Coal,Bulgaria,World,2023,93872688
Coal,Croatia,Russian Federation (Russia),2021,56650908
Coal,Croatia,World,2021,80643762
Coal,Croatia,World,2023,91407228
Coal,Cyprus,Russian Federation (Russia),2021,6618828
Coal,Cyprus,World,2021,6649095
Coal,Cyprus,World,2023,3034227
Coal,Czechia,Russian Federation (Russia),2021,18475634
Coal,Czechia,Ukraine,2023,611178
Coal,Czechia,World,2021,570820456
Coal,Czechia,World,2023,938303814
Coal,Denmark,Russian Federation (Russia),2021,5533943
Coal,Denmark,World,2021,6818483
Coal,Denmark,World,2023,17737568
Coal,Estonia,Russian Federation (Russia),2021,393556
Coal,Estonia,World,2021,509255
Coal,Estonia,World,2023,172409
Coal,European Union,Russian Federation (Russia),2021,5322414937
Coal,European Union,Russian Federation (Russia),2023,2162689
Coal,European Union,Ukraine,2021,1357778
Coal,European Union,Ukraine,2023,114960028
Coal,Finland,Russian Federation (Russia),2021,124323911
Coal,Finland,World,2021,285855853
Coal,Finland,World,2023,418836480
Coal,France,Russian Federation (Russia),2021,310309081
Coal,France,Ukraine,2023,18
Coal,France,World,2021,1008873973
Coal,France,World,2023,1687612408
Coal,Germany,Russian Federation (Russia),2021,987952584
Coal,Germany,World,2021,4506499100
Coal,Germany,World,2023,6587593017
Coal,Greece,Russian Federation (Russia),2021,23964800
Coal,Greece,World,2021,26579437
Coal,Greece,World,2023,15337148
Coal,Hungary,Russian Federation (Russia),2021,33365693
Coal,Hungary,Ukraine,2021,15768
Coal,Hungary,Ukraine,2023,28987587
Coal,Hungary,World,2021,186713544
Coal,Hungary,World,2023,114500192
Coal,Ireland,Russian Federation (Russia),2021,134825835
Coal,Ireland,Ukraine,2021,5444
Coal,Ireland,Ukraine,2023,20339
Coal,Ireland,World,2021,201350353
Coal,Ireland,World,2023,177903881
Coal,Italy,Russian Federation (Russia),2021,674983833
Coal,Italy,Ukraine,2023,33827395
Coal,Italy,World,2021,1194209874
Coal,Italy,World,2023,1883121741
Coal,Latvia,Russian Federation (Russia),2021,998614
Coal,Latvia,Russian Federation (Russia),2023,1737017
Coal,Latvia,Ukraine,2021,81
Coal,Latvia,World,2021,2695004
Coal,Latvia,World,2023,60695637
Coal,Lithuania,Russian Federation (Russia),2021,20094785
Coal,Lithuania,World,2021,21565433
Coal,Lithuania,World,2023,23250730
Coal,Luxembourg,Russian Federation (Russia),2021,8
Coal,Luxembourg,World,2021,4187345
Coal,Luxembourg,World,2023,10316880
Coal,Malta,World,2021,26000
Coal,Malta,World,2023,19678
Coal,Netherlands,Russian Federation (Russia),2021,1496604746
Coal,Netherlands,Ukraine,2021,1354
Coal,Netherlands,World,2021,4268228670
Coal,Netherlands,World,2023,5724738262
Coal,Poland,Russian Federation (Russia),2021,657382606
Coal,Poland,Ukraine,2023,668752
Coal,Poland,World,2021,1253549004
Coal,Poland,World,2023,3324995538
Coal,Portugal,World,2021,3140759
Coal,Portugal,World,2023,3006054
Coal,Romania,Russian Federation (Russia),2021,72783535
Coal,Romania,World,2021,78029104
Coal,Romania,World,2023,65805390
Coal,Slovakia,Russian Federation (Russia),2021,87015360
Coal,Slovakia,Russian Federation (Russia),2023,111270
Coal,Slovakia,Ukraine,2021,652440
Coal,Slovakia,Ukraine,2023,42260284
Coal,Slovakia,World,2021,438193995
Coal,Slovakia,World,2023,800831986
Coal,Slovenia,Russian Federation (Russia),2021,2647
Coal,Slovenia,World,2021,3331193
Coal,Slovenia,World,2023,3494129
Coal,Spain,Russian Federation (Russia),2021,187877391
Coal,Spain,World,2021,693707692
Coal,Spain,World,2023,1403979113
Coal,Sweden,Russian Federation (Russia),2021,78286003
Coal,Sweden,World,2021,299770317
Coal,Sweden,World,2023,517447408
Crude/Refined Petroleum,Austria,Russian Federation (Russia),2021,328410574
Crude/Refined Petroleum,Austria,Russian Federation (Russia),2023,9464596
Crude/Refined Petroleum,Austria,Ukraine,2021,105076
Crude/Refined Petroleum,Austria,World,2021,7084503042
Crude/Refined Petroleum,Austria,World,2023,9724715086
Crude/Refined Petroleum,Belgium,Russian Federation (Russia),2021,2415361236
Crude/Refined Petroleum,Belgium,Russian Federation (Russia),2023,521681624
Crude/Refined Petroleum,Belgium,Ukraine,2021,19938
Crude/Refined Petroleum,Belgium,World,2021,34980328796
Crude/Refined Petroleum,Belgium,World,2023,50560943845
Crude/Refined Petroleum,Bulgaria,Russian Federation (Russia),2021,1334007559
Crude/Refined Petroleum,Bulgaria,Russian Federation (Russia),2023,2845966597
Crude/Refined Petroleum,Bulgaria,Ukraine,2021,619991
Crude/Refined Petroleum,Bulgaria,Ukraine,2023,250423
Crude/Refined Petroleum,Bulgaria,World,2021,2495729142
Crude/Refined Petroleum,Bulgaria,World,2023,3856340368
Crude/Refined Petroleum,Croatia,Russian Federation (Russia),2021,135049423
Crude/Refined Petroleum,Croatia,World,2021,2392120336
Crude/Refined Petroleum,Croatia,World,2023,3395466201
Crude/Refined Petroleum,Cyprus,Russian Federation (Russia),2021,4553292
Crude/Refined Petroleum,Cyprus,Ukraine,2021,35378
Crude/Refined Petroleum,Cyprus,Ukraine,2023,68226
Crude/Refined Petroleum,Cyprus,World,2021,1350961020
Crude/Refined Petroleum,Cyprus,World,2023,2670111257
Crude/Refined Petroleum,Czechia,Russian Federation (Russia),2021,1480174237
Crude/Refined Petroleum,Czechia,Russian Federation (Russia),2023,1969411628
Crude/Refined Petroleum,Czechia,Ukraine,2021,2815
Crude/Refined Petroleum,Czechia,Ukraine,2023,33878
Crude/Refined Petroleum,Czechia,World,2021,5350074040
Crude/Refined Petroleum,Czechia,World,2023,7251017628
Crude/Refined Petroleum,Denmark,Russian Federation (Russia),2021,730273419
Crude/Refined Petroleum,Denmark,World,2021,4106437642
Crude/Refined Petroleum,Denmark,World,2023,5796556408
Crude/Refined Petroleum,Estonia,Russian Federation (Russia),2021,407277434
Crude/Refined Petroleum,Estonia,Russian Federation (Russia),2023,39978
Crude/Refined Petroleum,Estonia,Ukraine,2021,3815
Crude/Refined Petroleum,Estonia,Ukraine,2023,10596
Crude/Refined Petroleum,Estonia,World,2021,1018050712
Crude/Refined Petroleum,Estonia,World,2023,960813869
Crude/Refined Petroleum,European Union,Russian Federation (Russia),2021,70720543842
Crude/Refined Petroleum,European Union,Russian Federation (Russia),2023,12444030569
Crude/Refined Petroleum,European Union,Ukraine,2021,45340454
Crude/Refined Petroleum,European Union,Ukraine,2023,2734951
Crude/Refined Petroleum,Finland,Russian Federation (Russia),2021,3511340821
Crude/Refined Petroleum,Finland,Russian Federation (Russia),2023,7887426
Crude/Refined Petroleum,Finland,Ukraine,2021,177840
Crude/Refined Petroleum,Finland,Ukraine,2023,7
Crude/Refined Petroleum,Finland,World,2021,6240517438
Crude/Refined Petroleum,Finland,World,2023,8938946657
Crude/Refined Petroleum,France,Russian Federation (Russia),2021,5676148766
Crude/Refined Petroleum,France,Russian Federation (Russia),2023,52474659
Crude/Refined Petroleum,France,Ukraine,2021,39520
Crude/Refined Petroleum,France,Ukraine,2023,27
Crude/Refined Petroleum,France,World,2021,37875979265
Crude/Refined Petroleum,France,World,2023,55343287493
Crude/Refined Petroleum,Germany,Russian Federation (Russia),2021,11827537706
Crude/Refined Petroleum,Germany,Russian Federation (Russia),2023,670973842
Crude/Refined Petroleum,Germany,Ukraine,2021,171248
Crude/Refined Petroleum,Germany,Ukraine,2023,67548
Crude/Refined Petroleum,Germany,World,2021,52939790412
Crude/Refined Petroleum,Germany,World,2023,72852097663
Crude/Refined Petroleum,Greece,Russian Federation (Russia),2021,2492855967
Crude/Refined Petroleum,Greece,Russian Federation (Russia),2023,512867574
Crude/Refined Petroleum,Greece,Ukraine,2021,4719486
Crude/Refined Petroleum,Greece,Ukraine,2023,105934
Crude/Refined Petroleum,Greece,World,2021,13818172553
Crude/Refined Petroleum,Greece,World,2023,16922346223
Crude/Refined Petroleum,Hungary,Russian Federation (Russia),2021,1457274328
Crude/Refined Petroleum,Hungary,Russian Federation (Russia),2023,2065938722
Crude/Refined Petroleum,Hungary,Ukraine,2021,77604
Crude/Refined Petroleum,Hungary,Ukraine,2023,73612
Crude/Refined Petroleum,Hungary,World,2021,4071900069
Crude/Refined Petroleum,Hungary,World,2023,5088588290
Crude/Refined Petroleum,Ireland,Russian Federation (Russia),2021,230519395
Crude/Refined Petroleum,Ireland,Ukraine,2023,300939
Crude/Refined Petroleum,Ireland,World,2021,3791005688
Crude/Refined Petroleum,Ireland,World,2023,5978578981
Crude/Refined Petroleum,Italy,Russian Federation (Russia),2021,3521643424
Crude/Refined Petroleum,Italy,Russian Federation (Russia),2023,152353646
Crude/Refined Petroleum,Italy,Ukraine,2021,28261
Crude/Refined Petroleum,Italy,Ukraine,2023,18437
Crude/Refined Petroleum,Italy,World,2021,32276258912
Crude/Refined Petroleum,Italy,World,2023,46751351742
Crude/Refined Petroleum,Latvia,Russian Federation (Russia),2021,94104616
Crude/Refined Petroleum,Latvia,Russian Federation (Russia),2023,55909760
Crude/Refined Petroleum,Latvia,Ukraine,2021,225578
Crude/Refined Petroleum,Latvia,Ukraine,2023,13739
Crude/Refined Petroleum,Latvia,World,2021,802371007
Crude/Refined Petroleum,Latvia,World,2023,1208914941
Crude/Refined Petroleum,Lithuania,Russian Federation (Russia),2021,2573558149
Crude/Refined Petroleum,Lithuania,Russian Federation (Russia),2023,19124709
Crude/Refined Petroleum,Lithuania,Ukraine,2021,591042
Crude/Refined Petroleum,Lithuania,Ukraine,2023,876934
Crude/Refined Petroleum,Lithuania,World,2021,4152627758
Crude/Refined Petroleum,Lithuania,World,2023,5970169081
Crude/Refined Petroleum,Luxembourg,Russian Federation (Russia),2021,2155
Crude/Refined Petroleum,Luxembourg,World,2021,1293545070
Crude/Refined Petroleum,Luxembourg,World,2023,1801669278
Crude/Refined Petroleum,Malta,Russian Federation (Russia),2021,356439
Crude/Refined Petroleum,Malta,Ukraine,2021,41190
Crude/Refined Petroleum,Malta,World,2021,861075074
Crude/Refined Petroleum,Malta,World,2023,964958544
Crude/Refined Petroleum,Netherlands,Russian Federation (Russia),2021,16167941463
Crude/Refined Petroleum,Netherlands,Russian Federation (Russia),2023,706692554
Crude/Refined Petroleum,Netherlands,Ukraine,2021,1013
Crude/Refined Petroleum,Netherlands,World,2021,65346781443
Crude/Refined Petroleum,Netherlands,World,2023,92351180455
Crude/Refined Petroleum,Poland,Russian Federation (Russia),2021,7499431742
Crude/Refined Petroleum,Poland,Russian Federation (Russia),2023,602834915
Crude/Refined Petroleum,Poland,Ukraine,2021,1683
Crude/Refined Petroleum,Poland,Ukraine,2023,141037
Crude/Refined Petroleum,Poland,World,2021,13695056129
Crude/Refined Petroleum,Poland,World,2023,22903860224
Crude/Refined Petroleum,Portugal,Russian Federation (Russia),2021,347767783
Crude/Refined Petroleum,Portugal,Ukraine,2021,33668
Crude/Refined Petroleum,Portugal,World,2021,6133776573
Crude/Refined Petroleum,Portugal,World,2023,8586648653
Crude/Refined Petroleum,Romania,Russian Federation (Russia),2021,1719718205
Crude/Refined Petroleum,Romania,Russian Federation (Russia),2023,151893932
Crude/Refined Petroleum,Romania,Ukraine,2021,38328886
Crude/Refined Petroleum,Romania,Ukraine,2023,556098
Crude/Refined Petroleum,Romania,World,2021,4744813319
Crude/Refined Petroleum,Romania,World,2023,7332724522
Crude/Refined Petroleum,Slovakia,Russian Federation (Russia),2021,2109296902
Crude/Refined Petroleum,Slovakia,Russian Federation (Russia),2023,1942990295
Crude/Refined Petroleum,Slovakia,Ukraine,2021,3917
Crude/Refined Petroleum,Slovakia,Ukraine,2023,204050
Crude/Refined Petroleum,Slovakia,World,2021,3201404453
Crude/Refined Petroleum,Slovakia,World,2023,3427497958
Crude/Refined Petroleum,Slovenia,Russian Federation (Russia),2021,143699485
Crude/Refined Petroleum,Slovenia,Russian Federation (Russia),2023,57959774
Crude/Refined Petroleum,Slovenia,Ukraine,2023,13268
Crude/Refined Petroleum,Slovenia,World,2021,1878188028
Crude/Refined Petroleum,Slovenia,World,2023,3704993782
Crude/Refined Petroleum,Spain,Russian Federation (Russia),2021,3627521795
Crude/Refined Petroleum,Spain,Russian Federation (Russia),2023,97564338
Crude/Refined Petroleum,Spain,Ukraine,2021,38208
Crude/Refined Petroleum,Spain,Ukraine,2023,198
Crude/Refined Petroleum,Spain,World,2021,32416106404
Crude/Refined Petroleum,Spain,World,2023,45140626161
Crude/Refined Petroleum,Sweden,Russian Federation (Russia),2021,884717527
Crude/Refined Petroleum,Sweden,Ukraine,2021,74297
Crude/Refined Petroleum,Sweden,World,2021,12731780979
Crude/Refined Petroleum,Sweden,World,2023,17285021962
Machines,Austria,Russian Federation (Russia),2021,27396171
Machines,Austria,Russian Federation (Russia),2023,295508
Machines,Austria,Ukraine,2021,29169150
Machines,Austria,Ukraine,2023,39904028
Machines,Austria,World,2021,44228064038
Machines,Austria,World,2023,50758271640
Machines,Belgium,Russian Federation (Russia),2021,11730565
Machines,Belgium,Russian Federation (Russia),2023,316208
Machines,Belgium,Ukraine,2021,6153726
Machines,Belgium,Ukraine,2023,12342177
Machines,Belgium,World,2021,56025164619
Machines,Belgium,World,2023,67913262739
Machines,Bulgaria,Russian Federation (Russia),2021,20464970
Machines,Bulgaria,Russian Federation (Russia),2023,88618928
Machines,Bulgaria,Ukraine,2021,16770864
Machines,Bulgaria,Ukraine,2023,17030921
Machines,Bulgaria,World,2021,8129913881
Machines,Bulgaria,World,2023,10972809312
Machines,Croatia,Russian Federation (Russia),2021,8492312
Machines,Croatia,Russian Federation (Russia),2023,217735
Machines,Croatia,Ukraine,2021,13388401
Machines,Croatia,Ukraine,2023,10059808
Machines,Croatia,World,2021,4968458747
Machines,Croatia,World,2023,6692055782
Machines,Cyprus,Russian Federation (Russia),2021,1066361
Machines,Cyprus,Russian Federation (Russia),2023,8409
Machines,Cyprus,Ukraine,2021,417149
Machines,Cyprus,Ukraine,2023,272760
Machines,Cyprus,World,2021,1013951719
Machines,Cyprus,World,2023,1408899490
Machines,Czechia,Russian Federation (Russia),2021,179307825
Machines,Czechia,Russian Federation (Russia),2023,290296949
Machines,Czechia,Ukraine,2021,124493563
Machines,Czechia,Ukraine,2023,133662077
Machines,Czechia,World,2021,67159914151
Machines,Czechia,World,2023,80134389749
Machines,Denmark,Russian Federation (Russia),2021,1689767
Machines,Denmark,Russian Federation (Russia),2023,20994
Machines,Denmark,Ukraine,2021,33015727
Machines,Denmark,Ukraine,2023,33247275
Machines,Denmark,World,2021,22150810274
Machines,Denmark,World,2023,23975248427
Machines,Estonia,Russian Federation (Russia),2021,61205473
Machines,Estonia,Russian Federation (Russia),2023,4590292
Machines,Estonia,Ukraine,2021,13698872
Machines,Estonia,Ukraine,2023,9188486
Machines,Estonia,World,2021,4276634340
Machines,Estonia,World,2023,4956877490
Machines,European Union,Russian Federation (Russia),2021,1423744824
Machines,European Union,Russian Federation (Russia),2023,814098329
Machines,European Union,Ukraine,2021,2394068254
Machines,European Union,Ukraine,2023,1986565812
Machines,Finland,Russian Federation (Russia),2021,104291627
Machines,Finland,Russian Federation (Russia),2023,27192823
Machines,Finland,Ukraine,2021,18200146
Machines,Finland,Ukraine,2023,7135224
Machines,Finland,World,2021,17863450947
Machines,Finland,World,2023,18549944170
Machines,France,Russian Federation (Russia),2021,169158204
Machines,France,Russian Federation (Russia),2023,22611054
Machines,France,Ukraine,2021,38601868
Machines,France,Ukraine,2023,22747030
Machines,France,World,2021,127098564779
Machines,France,World,2023,149388540382
Machines,Germany,Russian Federation (Russia),2021,361402465
Machines,Germany,Russian Federation (Russia),2023,23565443
Machines,Germany,Ukraine,2021,642643484
Machines,Germany,Ukraine,2023,661059346
Machines,Germany,World,2021,302674118210
Machines,Germany,World,2023,369924910759
Machines,Greece,Russian Federation (Russia),2021,3018941
Machines,Greece,Russian Federation (Russia),2023,213260
Machines,Greece,Ukraine,2021,5212296
Machines,Greece,Ukraine,2023,6519607
Machines,Greece,World,2021,9189787207
Machines,Greece,World,2023,11607032421
Machines,Hungary,Russian Federation (Russia),2021,63960303
Machines,Hungary,Russian Federation (Russia),2023,141896498
Machines,Hungary,Ukraine,2021,782559877
Machines,Hungary,Ukraine,2023,465505542
Machines,Hungary,World,2021,43369215643
Machines,Hungary,World,2023,50837579160
Machines,Ireland,Russian Federation (Russia),2021,4578790
Machines,Ireland,Russian Federation (Russia),2023,160548
Machines,Ireland,Ukraine,2021,3967292
Machines,Ireland,Ukraine,2023,3304535
Machines,Ireland,World,2021,20895425676
Machines,Ireland,World,2023,26606100604
Machines,Italy,Russian Federation (Russia),2021,60531923
Machines,Italy,Russian Federation (Russia),2023,2959483
Machines,Italy,Ukraine,2021,28385147
Machines,Italy,Ukraine,2023,23916067
Machines,Italy,World,2021,86592381900
Machines,Italy,World,2023,105057968594
Machines,Latvia,Russian Federation (Russia),2021,20938440
Machines,Latvia,Russian Federation (Russia),2023,2091632
Machines,Latvia,Ukraine,2021,10318300
Machines,Latvia,Ukraine,2023,11738813
Machines,Latvia,World,2021,4088185483
Machines,Latvia,World,2023,4837671727
Machines,Lithuania,Russian Federation (Russia),2021,27865499
Machines,Lithuania,Russian Federation (Russia),2023,1152622
Machines,Lithuania,Ukraine,2021,37575308
Machines,Lithuania,Ukraine,2023,41670405
Machines,Lithuania,World,2021,6765740975
Machines,Lithuania,World,2023,7757822486
Machines,Luxembourg,Russian Federation (Russia),2021,1178923
Machines,Luxembourg,Russian Federation (Russia),2023,2511
Machines,Luxembourg,Ukraine,2021,1024085
Machines,Luxembourg,Ukraine,2023,341421
Machines,Luxembourg,World,2021,3718722991
Machines,Luxembourg,World,2023,3581397626
Machines,Malta,Russian Federation (Russia),2021,316395
Machines,Malta,Russian Federation (Russia),2023,2152
Machines,Malta,Ukraine,2021,733196
Machines,Malta,Ukraine,2023,438482
Machines,Malta,World,2021,1003525130
Machines,Malta,World,2023,1529443472
Machines,Netherlands,Russian Federation (Russia),2021,34162938
Machines,Netherlands,Russian Federation (Russia),2023,4550524
Machines,Netherlands,Ukraine,2021,36012504
Machines,Netherlands,Ukraine,2023,37639603
Machines,Netherlands,World,2021,179931119429
Machines,Netherlands,World,2023,212392620811
Machines,Poland,Russian Federation (Russia),2021,88377891
Machines,Poland,Russian Federation (Russia),2023,2091536
Machines,Poland,Ukraine,2021,187766354
Machines,Poland,Ukraine,2023,203236535
Machines,Poland,World,2021,74151378124
Machines,Poland,World,2023,84376765254
Machines,Portugal,Russian Federation (Russia),2021,2978730
Machines,Portugal,Russian Federation (Russia),2023,244216
Machines,Portugal,Ukraine,2021,4393664
Machines,Portugal,Ukraine,2023,3547177
Machines,Portugal,World,2021,15484073875
Machines,Portugal,World,2023,19075197991
Machines,Romania,Russian Federation (Russia),2021,65243737
Machines,Romania,Russian Federation (Russia),2023,2180843
Machines,Romania,Ukraine,2021,222632713
Machines,Romania,Ukraine,2023,99970044
Machines,Romania,World,2021,25848984172
Machines,Romania,World,2023,32114574676
Machines,Slovakia,Russian Federation (Russia),2021,66300745
Machines,Slovakia,Russian Federation (Russia),2023,192009932
Machines,Slovakia,Ukraine,2021,84308274
Machines,Slovakia,Ukraine,2023,94476575
Machines,Slovakia,World,2021,29433367666
Machines,Slovakia,World,2023,34005834686
Machines,Slovenia,Russian Federation (Russia),2021,3066810
Machines,Slovenia,Russian Federation (Russia),2023,5930544
Machines,Slovenia,Ukraine,2021,9944202
Machines,Slovenia,Ukraine,2023,8208214
Machines,Slovenia,World,2021,8601660979
Machines,Slovenia,World,2023,9910816461
Machines,Spain,Russian Federation (Russia),2021,21267745
Machines,Spain,Russian Federation (Russia),2023,733986
Machines,Spain,Ukraine,2021,17264981
Machines,Spain,Ukraine,2023,18844991
Machines,Spain,World,2021,63638525646
Machines,Spain,World,2023,79780482715
Machines,Sweden,Russian Federation (Russia),2021,13751274
Machines,Sweden,Russian Federation (Russia),2023,143699
Machines,Sweden,Ukraine,2021,25417111
Machines,Sweden,Ukraine,2023,20558669
Machines,Sweden,World,2021,42135839258
Machines,Sweden,World,2023,47001110793
Metals,Austria,Russian Federation (Russia),2021,37928135
Metals,Austria,Russian Federation (Russia),2023,31802514
Metals,Austria,Ukraine,2021,32109911
Metals,Austria,Ukraine,2023,18757109
Metals,Austria,World,2021,21365394195
Metals,Austria,World,2023,21691744569
Metals,Belgium,Russian Federation (Russia),2021,1503942499
Metals,Belgium,Russian Federation (Russia),2023,803268257
Metals,Belgium,Ukraine,2021,68393239
Metals,Belgium,Ukraine,2023,9769114
Metals,Belgium,World,2021,33282126797
Metals,Belgium,World,2023,32357997627
Metals,Bulgaria,Russian Federation (Russia),2021,217579225
Metals,Bulgaria,Russian Federation (Russia),2023,70520875
Metals,Bulgaria,Ukraine,2021,510675873
Metals,Bulgaria,Ukraine,2023,423675356
Metals,Bulgaria,World,2021,4488942791
Metals,Bulgaria,World,2023,5225931574
Metals,Croatia,Russian Federation (Russia),2021,103855403
Metals,Croatia,Russian Federation (Russia),2023,35690965
Metals,Croatia,Ukraine,2021,3505087
Metals,Croatia,Ukraine,2023,3027310
Metals,Croatia,World,2021,3126130248
Metals,Croatia,World,2023,3598713558
Metals,Cyprus,Russian Federation (Russia),2021,3742148
Metals,Cyprus,Russian Federation (Russia),2023,77507
Metals,Cyprus,Ukraine,2021,4703222
Metals,Cyprus,Ukraine,2023,375704
Metals,Cyprus,World,2021,460231166
Metals,Cyprus,World,2023,596444374
Metals,Czechia,Russian Federation (Russia),2021,254364892
Metals,Czechia,Russian Federation (Russia),2023,285942575
Metals,Czechia,Ukraine,2021,104715055
Metals,Czechia,Ukraine,2023,48328737
Metals,Czechia,World,2021,19643202479
Metals,Czechia,World,2023,21265293608
Metals,Denmark,Russian Federation (Russia),2021,584398916
Metals,Denmark,Russian Federation (Russia),2023,269861810
Metals,Denmark,Ukraine,2021,14065025
Metals,Denmark,Ukraine,2023,33518864
Metals,Denmark,World,2021,8517931601
Metals,Denmark,World,2023,9180638164
Metals,Estonia,Russian Federation (Russia),2021,215474208
Metals,Estonia,Russian Federation (Russia),2023,35221619
Metals,Estonia,Ukraine,2021,27319314
Metals,Estonia,Ukraine,2023,7552527
Metals,Estonia,World,2021,1927400546
Metals,Estonia,World,2023,1889881529
Metals,European Union,Russian Federation (Russia),2021,15048081036
Metals,European Union,Russian Federation (Russia),2023,6929539713
Metals,European Union,Ukraine,2021,5715191967
Metals,European Union,Ukraine,2023,2496019042
Metals,Finland,Russian Federation (Russia),2021,1430810316
Metals,Finland,Russian Federation (Russia),2023,1021433934
Metals,Finland,Ukraine,2021,18363616
Metals,Finland,Ukraine,2023,5467738
Metals,Finland,World,2021,8799474333
Metals,Finland,World,2023,8732885167
Metals,France,Russian Federation (Russia),2021,376081227
Metals,France,Russian Federation (Russia),2023,353400579
Metals,France,Ukraine,2021,74189366
Metals,France,Ukraine,2023,22483365
Metals,France,World,2021,45508882031
Metals,France,World,2023,50087440075
Metals,Germany,Russian Federation (Russia),2021,2158176510
Metals,Germany,Russian Federation (Russia),2023,423819217
Metals,Germany,Ukraine,2021,267916431
Metals,Germany,Ukraine,2023,165928152
Metals,Germany,World,2021,102127914771
Metals,Germany,World,2023,109063796733
Metals,Greece,Russian Federation (Russia),2021,424958482
Metals,Greece,Russian Federation (Russia),2023,299223664
Metals,Greece,Ukraine,2021,90357969
Metals,Greece,Ukraine,2023,50910534
Metals,Greece,World,2021,5315381478
Metals,Greece,World,2023,6107959952
Metals,Hungary,Russian Federation (Russia),2021,49262664
Metals,Hungary,Russian Federation (Russia),2023,10100765
Metals,Hungary,Ukraine,2021,69602365
Metals,Hungary,Ukraine,2023,28090901
Metals,Hungary,World,2021,10991948255
Metals,Hungary,World,2023,11829792306
Metals,Ireland,Russian Federation (Russia),2021,9159846
Metals,Ireland,Russian Federation (Russia),2023,50344
Metals,Ireland,Ukraine,2021,11406625
Metals,Ireland,Ukraine,2023,158520
Metals,Ireland,World,2021,3452765649
Metals,Ireland,World,2023,4044067256
Metals,Italy,Russian Federation (Russia),2021,1889158008
Metals,Italy,Russian Federation (Russia),2023,1558375529
Metals,Italy,Ukraine,2021,2032681696
Metals,Italy,Ukraine,2023,263699793
Metals,Italy,World,2021,52599998968
Metals,Italy,World,2023,55298234728
Metals,Latvia,Russian Federation (Russia),2021,521460134
Metals,Latvia,Russian Federation (Russia),2023,73558943
Metals,Latvia,Ukraine,2021,50060639
Metals,Latvia,Ukraine,2023,17994305
Metals,Latvia,World,2021,1901298797
Metals,Latvia,World,2023,1613674487
Metals,Lithuania,Russian Federation (Russia),2021,304778276
Metals,Lithuania,Russian Federation (Russia),2023,10960206
Metals,Lithuania,Ukraine,2021,80598153
Metals,Lithuania,Ukraine,2023,44629849
Metals,Lithuania,World,2021,3065152776
Metals,Lithuania,World,2023,2846540298
Metals,Luxembourg,Russian Federation (Russia),2021,12949397
Metals,Luxembourg,Russian Federation (Russia),2023,2660287
Metals,Luxembourg,Ukraine,2021,6898747
Metals,Luxembourg,Ukraine,2023,34964
Metals,Luxembourg,World,2021,2961355859
Metals,Luxembourg,World,2023,2617486573
Metals,Malta,Russian Federation (Russia),2021,18639
Metals,Malta,Russian Federation (Russia),2023,3750
Metals,Malta,Ukraine,2021,606593
Metals,Malta,Ukraine,2023,12249
Metals,Malta,World,2021,212581992
Metals,Malta,World,2023,258949814
Metals,Netherlands,Russian Federation (Russia),2021,2674810273
Metals,Netherlands,Russian Federation (Russia),2023,1123859035
Metals,Netherlands,Ukraine,2021,188227354
Metals,Netherlands,Ukraine,2023,20931460
Metals,Netherlands,World,2021,45038711826
Metals,Netherlands,World,2023,47703991925
Metals,Poland,Russian Federation (Russia),2021,1430073368
Metals,Poland,Russian Federation (Russia),2023,270732161
Metals,Poland,Ukraine,2021,1408409947
Metals,Poland,Ukraine,2023,1000052781
Metals,Poland,World,2021,33298326271
Metals,Poland,World,2023,33486275447
Metals,Portugal,Russian Federation (Russia),2021,110060717
Metals,Portugal,Russian Federation (Russia),2023,392145
Metals,Portugal,Ukraine,2021,53814851
Metals,Portugal,Ukraine,2023,24544836
Metals,Portugal,World,2021,7800832955
Metals,Portugal,World,2023,8888220648
Metals,Romania,Russian Federation (Russia),2021,156113051
Metals,Romania,Russian Federation (Russia),2023,16577007
Metals,Romania,Ukraine,2021,269493225
Metals,Romania,Ukraine,2023,186632085
Metals,Romania,World,2021,11278755124
Metals,Romania,World,2023,12765371294
Metals,Slovakia,Russian Federation (Russia),2021,66324999
Metals,Slovakia,Russian Federation (Russia),2023,7600302
Metals,Slovakia,Ukraine,2021,101020709
Metals,Slovakia,Ukraine,2023,42151687
Metals,Slovakia,World,2021,9257169877
Metals,Slovakia,World,2023,9778661956
Metals,Slovenia,Russian Federation (Russia),2021,29631369
Metals,Slovenia,Russian Federation (Russia),2023,1453565
Metals,Slovenia,Ukraine,2021,21945388
Metals,Slovenia,Ukraine,2023,17884790
Metals,Slovenia,World,2021,5935300608
Metals,Slovenia,World,2023,6082642052
Metals,Spain,Russian Federation (Russia),2021,362695692
Metals,Spain,Russian Federation (Russia),2023,217878538
Metals,Spain,Ukraine,2021,194034521
Metals,Spain,Ukraine,2023,55168686
Metals,Spain,World,2021,27952192592
Metals,Spain,World,2023,30795964752
Metals,Sweden,Russian Federation (Russia),2021,120272642
Metals,Sweden,Russian Federation (Russia),2023,5073620
Metals,Sweden,Ukraine,2021,10077046
Metals,Sweden,Ukraine,2023,4237626
Metals,Sweden,World,2021,15102804731
Metals,Sweden,World,2023,15378495384
Minerals,Austria,Russian Federation (Russia),2021,97518142
Minerals,Austria,Russian Federation (Russia),2023,206747
Minerals,Austria,Ukraine,2021,551983192
Minerals,Austria,Ukraine,2023,284839846
Minerals,Austria,World,2021,2330176352
Minerals,Austria,World,2023,2002566836
Minerals,Belgium,Russian Federation (Russia),2021,135476619
Minerals,Belgium,Russian Federation (Russia),2023,54596237
Minerals,Belgium,Ukraine,2021,19408978
Minerals,Belgium,Ukraine,2023,248106
Minerals,Belgium,World,2021,4793468105
Minerals,Belgium,World,2023,5260847795
Minerals,Bulgaria,Russian Federation (Russia),2021,40365290
Minerals,Bulgaria,Russian Federation (Russia),2023,2748156
Minerals,Bulgaria,Ukraine,2021,4529897
Minerals,Bulgaria,Ukraine,2023,3191724
Minerals,Bulgaria,World,2021,2206291832
Minerals,Bulgaria,World,2023,2244119949
Minerals,Croatia,Russian Federation (Russia),2021,13426
Minerals,Croatia,World,2021,120845250
Minerals,Croatia,World,2023,165399549
Minerals,Cyprus,Russian Federation (Russia),2021,9
Minerals,Cyprus,World,2021,29873715
Minerals,Cyprus,World,2023,14943855
Minerals,Czechia,Russian Federation (Russia),2021,117962651
Minerals,Czechia,Russian Federation (Russia),2023,2198271
Minerals,Czechia,Ukraine,2021,771890202
Minerals,Czechia,Ukraine,2023,550482467
Minerals,Czechia,World,2021,1267224103
Minerals,Czechia,World,2023,994550728
Minerals,Denmark,Russian Federation (Russia),2021,3
Minerals,Denmark,Russian Federation (Russia),2023,20
Minerals,Denmark,Ukraine,2021,147933
Minerals,Denmark,Ukraine,2023,91831
Minerals,Denmark,World,2021,259352549
Minerals,Denmark,World,2023,347150565
Minerals,Estonia,Russian Federation (Russia),2021,1409112
Minerals,Estonia,Russian Federation (Russia),2023,4006249
Minerals,Estonia,Ukraine,2021,496492
Minerals,Estonia,Ukraine,2023,87196
Minerals,Estonia,World,2021,82005121
Minerals,Estonia,World,2023,106889959
Minerals,European Union,Russian Federation (Russia),2021,2293237263
Minerals,European Union,Russian Federation (Russia),2023,344491516
Minerals,European Union,Ukraine,2021,3329954333
Minerals,European Union,Ukraine,2023,2064729235
Minerals,Finland,Russian Federation (Russia),2021,209271234
Minerals,Finland,Russian Federation (Russia),2023,35221
Minerals,Finland,Ukraine,2021,276771
Minerals,Finland,Ukraine,2023,25236851
Minerals,Finland,World,2021,3334420499
Minerals,Finland,World,2023,2889290408
Minerals,France,Russian Federation (Russia),2021,305083682
Minerals,France,Russian Federation (Russia),2023,10471
Minerals,France,Ukraine,2021,31455715
Minerals,France,Ukraine,2023,4319164
Minerals,France,World,2021,3996041508
Minerals,France,World,2023,3336791631
Minerals,Germany,Russian Federation (Russia),2021,427785067
Minerals,Germany,Russian Federation (Russia),2023,105396042
Minerals,Germany,Ukraine,2021,45818748
Minerals,Germany,Ukraine,2023,16997619
Minerals,Germany,World,2021,14786032720
Minerals,Germany,World,2023,12787064607
Minerals,Greece,Russian Federation (Russia),2021,2803215
Minerals,Greece,Russian Federation (Russia),2023,158928
Minerals,Greece,Ukraine,2021,985001
Minerals,Greece,Ukraine,2023,545733
Minerals,Greece,World,2021,190193861
Minerals,Greece,World,2023,234639852
Minerals,Hungary,Russian Federation (Russia),2021,25975015
Minerals,Hungary,Russian Federation (Russia),2023,370435
Minerals,Hungary,Ukraine,2021,99926829
Minerals,Hungary,Ukraine,2023,37123699
Minerals,Hungary,World,2021,441116969
Minerals,Hungary,World,2023,417258205
Minerals,Ireland,Russian Federation (Russia),2021,24253
Minerals,Ireland,Russian Federation (Russia),2023,323
Minerals,Ireland,Ukraine,2021,2744
Minerals,Ireland,Ukraine,2023,484
Minerals,Ireland,World,2021,377330892
Minerals,Ireland,World,2023,398190689
Minerals,Italy,Russian Federation (Russia),2021,12164708
Minerals,Italy,Russian Federation (Russia),2023,11065314
Minerals,Italy,Ukraine,2021,199296439
Minerals,Italy,Ukraine,2023,65291815
Minerals,Italy,World,2021,3156091716
Minerals,Italy,World,2023,2604804618
Minerals,Latvia,Russian Federation (Russia),2021,2231662
Minerals,Latvia,Russian Federation (Russia),2023,2227674
Minerals,Latvia,Ukraine,2021,1178589
Minerals,Latvia,Ukraine,2023,214990
Minerals,Latvia,World,2021,70420052
Minerals,Latvia,World,2023,173436150
Minerals,Lithuania,Russian Federation (Russia),2021,115730291
Minerals,Lithuania,Russian Federation (Russia),2023,1093473
Minerals,Lithuania,Ukraine,2021,5529750
Minerals,Lithuania,Ukraine,2023,926287
Minerals,Lithuania,World,2021,326291696
Minerals,Lithuania,World,2023,156953401
Minerals,Luxembourg,Russian Federation (Russia),2021,858
Minerals,Luxembourg,Ukraine,2021,4
Minerals,Luxembourg,Ukraine,2023,4
Minerals,Luxembourg,World,2021,128685802
Minerals,Luxembourg,World,2023,162218138
Minerals,Malta,Russian Federation (Russia),2021,35
Minerals,Malta,Russian Federation (Russia),2023,30
Minerals,Malta,Ukraine,2021,107
Minerals,Malta,Ukraine,2023,39
Minerals,Malta,World,2021,42313890
Minerals,Malta,World,2023,55633499
Minerals,Netherlands,Russian Federation (Russia),2021,271134487
Minerals,Netherlands,Russian Federation (Russia),2023,123259457
Minerals,Netherlands,Ukraine,2021,230251751
Minerals,Netherlands,Ukraine,2023,52315985
Minerals,Netherlands,World,2021,8092210057
Minerals,Netherlands,World,2023,7501621929
Minerals,Poland,Russian Federation (Russia),2021,45845598
Minerals,Poland,Russian Federation (Russia),2023,2249646
Minerals,Poland,Ukraine,2021,537753678
Minerals,Poland,Ukraine,2023,428093377
Minerals,Poland,World,2021,2140346771
Minerals,Poland,World,2023,2170484968
Minerals,Portugal,Russian Federation (Russia),2021,349
Minerals,Portugal,Ukraine,2021,902953
Minerals,Portugal,Ukraine,2023,459007
Minerals,Portugal,World,2021,244177237
Minerals,Portugal,World,2023,316290663
Minerals,Romania,Russian Federation (Russia),2021,68539142
Minerals,Romania,Russian Federation (Russia),2023,116
Minerals,Romania,Ukraine,2021,227955589
Minerals,Romania,Ukraine,2023,74089334
Minerals,Romania,World,2021,718255069
Minerals,Romania,World,2023,362566730
Minerals,Slovakia,Russian Federation (Russia),2021,373438894
Minerals,Slovakia,Russian Federation (Russia),2023,31724433
Minerals,Slovakia,Ukraine,2021,436988376
Minerals,Slovakia,Ukraine,2023,508836129
Minerals,Slovakia,World,2021,1092961768
Minerals,Slovakia,World,2023,767315815
Minerals,Slovenia,Russian Federation (Russia),2021,13942
Minerals,Slovenia,Russian Federation (Russia),2023,14431
Minerals,Slovenia,Ukraine,2021,1292870
Minerals,Slovenia,Ukraine,2023,5450
Minerals,Slovenia,World,2021,232155993
Minerals,Slovenia,World,2023,272509933
Minerals,Spain,Russian Federation (Russia),2021,20084565
Minerals,Spain,Russian Federation (Russia),2023,3129371
Minerals,Spain,Ukraine,2021,160818130
Minerals,Spain,Ukraine,2023,7517634
Minerals,Spain,World,2021,5934396112
Minerals,Spain,World,2023,5062971077
Minerals,Sweden,Russian Federation (Russia),2021,20365014
Minerals,Sweden,Russian Federation (Russia),2023,471
Minerals,Sweden,Ukraine,2021,1063595
Minerals,Sweden,Ukraine,2023,3814464
Minerals,Sweden,World,2021,1572583256
Minerals,Sweden,World,2023,1918099723
Natural Gas,Austria,World,2021,3465037
Natural Gas,Austria,World,2023,4966404
Natural Gas,Belgium,Russian Federation (Russia),2021,267281364
Natural Gas,Belgium,Russian Federation (Russia),2023,1761454979
Natural Gas,Belgium,World,2021,17285920243
Natural Gas,Belgium,World,2023,24672260643
Natural Gas,Bulgaria,Russian Federation (Russia),2021,1067678936
Natural Gas,Bulgaria,Russian Federation (Russia),2023,262106688
Natural Gas,Bulgaria,Ukraine,2021,4552474
Natural Gas,Bulgaria,World,2021,1529542444
Natural Gas,Bulgaria,World,2023,959804486
Natural Gas,Croatia,Russian Federation (Russia),2021,74148840
Natural Gas,Croatia,World,2021,967872942
Natural Gas,Croatia,World,2023,2006549950
Natural Gas,Cyprus,Russian Federation (Russia),2021,727720
Natural Gas,Cyprus,World,2021,34664412
Natural Gas,Cyprus,World,2023,41817778
Natural Gas,Czechia,Russian Federation (Russia),2021,437663899
Natural Gas,Czechia,Russian Federation (Russia),2023,77850498
Natural Gas,Czechia,Ukraine,2021,6595342
Natural Gas,Czechia,Ukraine,2023,48
Natural Gas,Czechia,World,2021,3057776479
Natural Gas,Czechia,World,2023,3735768071
Natural Gas,Denmark,World,2021,899051506
Natural Gas,Denmark,World,2023,824401262
Natural Gas,Estonia,Russian Federation (Russia),2021,68240138
Natural Gas,Estonia,Russian Federation (Russia),2023,11568596
Natural Gas,Estonia,World,2021,170232730
Natural Gas,Estonia,World,2023,565402522
Natural Gas,European Union,Russian Federation (Russia),2021,23826989135
Natural Gas,European Union,Russian Federation (Russia),2023,16827667684
Natural Gas,European Union,Ukraine,2021,659413696
Natural Gas,European Union,Ukraine,2023,34729190
Natural Gas,Finland,Russian Federation (Russia),2021,97373010
Natural Gas,Finland,Russian Federation (Russia),2023,63543669
Natural Gas,Finland,World,2021,204622863
Natural Gas,Finland,World,2023,1084401427
Natural Gas,France,Russian Federation (Russia),2021,1842233350
Natural Gas,France,Russian Federation (Russia),2023,2130829563
Natural Gas,France,World,2021,17240997160
Natural Gas,France,World,2023,37669834251
Natural Gas,Germany,Russian Federation (Russia),2021,56672560
Natural Gas,Germany,Russian Federation (Russia),2023,1467243
Natural Gas,Germany,Ukraine,2021,865935
Natural Gas,Germany,World,2021,1271046311
Natural Gas,Germany,World,2023,1267961875
Natural Gas,Greece,Russian Federation (Russia),2021,1137436042
Natural Gas,Greece,Russian Federation (Russia),2023,1503158223
Natural Gas,Greece,World,2021,2650037715
Natural Gas,Greece,World,2023,4419182650
Natural Gas,Hungary,Russian Federation (Russia),2021,2244732238
Natural Gas,Hungary,Russian Federation (Russia),2023,3425061569
Natural Gas,Hungary,Ukraine,2021,602148593
Natural Gas,Hungary,Ukraine,2023,34654082
Natural Gas,Hungary,World,2021,3833269132
Natural Gas,Hungary,World,2023,4419794339
Natural Gas,Ireland,World,2021,1707147704
Natural Gas,Ireland,World,2023,3532631308
Natural Gas,Italy,Russian Federation (Russia),2021,10157761194
Natural Gas,Italy,Russian Federation (Russia),2023,1471379731
Natural Gas,Italy,World,2021,24099976973
Natural Gas,Italy,World,2023,30640026975
Natural Gas,Latvia,Russian Federation (Russia),2021,623848589
Natural Gas,Latvia,Russian Federation (Russia),2023,136179560
Natural Gas,Latvia,World,2021,685953815
Natural Gas,Latvia,World,2023,1032711659
Natural Gas,Lithuania,Russian Federation (Russia),2021,309881958
Natural Gas,Lithuania,Russian Federation (Russia),2023,26265918
Natural Gas,Lithuania,Ukraine,2023,74946
Natural Gas,Lithuania,World,2021,804197625
Natural Gas,Lithuania,World,2023,1800745313
Natural Gas,Luxembourg,World,2021,7055300
Natural Gas,Luxembourg,World,2023,8526809
Natural Gas,Malta,World,2021,149429426
Natural Gas,Malta,World,2023,169730401
Natural Gas,Netherlands,Russian Federation (Russia),2021,1409799285
Natural Gas,Netherlands,Russian Federation (Russia),2023,1314549763
Natural Gas,Netherlands,World,2021,5674448657
Natural Gas,Netherlands,World,2023,23472609962
Natural Gas,Poland,Russian Federation (Russia),2021,631013298
Natural Gas,Poland,Russian Federation (Russia),2023,518184885
Natural Gas,Poland,Ukraine,2021,0
Natural Gas,Poland,Ukraine,2023,0
Natural Gas,Poland,World,2021,1131951153
Natural Gas,Poland,World,2023,1342387178
Natural Gas,Portugal,Russian Federation (Russia),2021,237532575
Natural Gas,Portugal,Russian Federation (Russia),2023,191041505
Natural Gas,Portugal,World,2021,1958531083
Natural Gas,Portugal,World,2023,2251592296
Natural Gas,Romania,Russian Federation (Russia),2021,437029927
Natural Gas,Romania,Russian Federation (Russia),2023,948346
Natural Gas,Romania,World,2021,960173236
Natural Gas,Romania,World,2023,1239635919
Natural Gas,Slovakia,Russian Federation (Russia),2021,1312670941
Natural Gas,Slovakia,Russian Federation (Russia),2023,1557286109
Natural Gas,Slovakia,Ukraine,2021,45251352
Natural Gas,Slovakia,Ukraine,2023,114
Natural Gas,Slovakia,World,2021,1392371381
Natural Gas,Slovakia,World,2023,1594831363
Natural Gas,Slovenia,Russian Federation (Russia),2021,134200645
Natural Gas,Slovenia,Russian Federation (Russia),2023,17344174
Natural Gas,Slovenia,World,2021,283578449
Natural Gas,Slovenia,World,2023,669221379
Natural Gas,Spain,Russian Federation (Russia),2021,1192183568
Natural Gas,Spain,Russian Federation (Russia),2023,2330958185
Natural Gas,Spain,World,2021,9593994775
Natural Gas,Spain,World,2023,13523714436
Natural Gas,Sweden,Russian Federation (Russia),2021,86879058
Natural Gas,Sweden,Russian Federation (Russia),2023,26488480
Natural Gas,Sweden,World,2021,1163062984
Natural Gas,Sweden,World,2023,1160765303
Oils Seeds & Oleaginous Fruits,Austria,Russian Federation (Russia),2021,1047007
Oils Seeds & Oleaginous Fruits,Austria,Russian Federation (Russia),2023,1170221
Oils Seeds & Oleaginous Fruits,Austria,Ukraine,2021,13223978
Oils Seeds & Oleaginous Fruits,Austria,Ukraine,2023,30391174
Oils Seeds & Oleaginous Fruits,Austria,World,2021,637643673
Oils Seeds & Oleaginous Fruits,Austria,World,2023,646608038
Oils Seeds & Oleaginous Fruits,Belgium,Russian Federation (Russia),2021,130928715
Oils Seeds & Oleaginous Fruits,Belgium,Russian Federation (Russia),2023,156661282
Oils Seeds & Oleaginous Fruits,Belgium,Ukraine,2021,282239122
Oils Seeds & Oleaginous Fruits,Belgium,Ukraine,2023,317280487
Oils Seeds & Oleaginous Fruits,Belgium,World,2021,2108227656
Oils Seeds & Oleaginous Fruits,Belgium,World,2023,2655378513
Oils Seeds & Oleaginous Fruits,Bulgaria,Russian Federation (Russia),2021,1603077
Oils Seeds & Oleaginous Fruits,Bulgaria,Russian Federation (Russia),2023,69038
Oils Seeds & Oleaginous Fruits,Bulgaria,Ukraine,2021,33939276
Oils Seeds & Oleaginous Fruits,Bulgaria,Ukraine,2023,112847235
Oils Seeds & Oleaginous Fruits,Bulgaria,World,2021,462072519
Oils Seeds & Oleaginous Fruits,Bulgaria,World,2023,475741163
Oils Seeds & Oleaginous Fruits,Croatia,Russian Federation (Russia),2021,9492
Oils Seeds & Oleaginous Fruits,Croatia,Ukraine,2021,421794
Oils Seeds & Oleaginous Fruits,Croatia,Ukraine,2023,3556127
Oils Seeds & Oleaginous Fruits,Croatia,World,2021,71289609
Oils Seeds & Oleaginous Fruits,Croatia,World,2023,101219804
Oils Seeds & Oleaginous Fruits,Cyprus,Russian Federation (Russia),2021,85
Oils Seeds & Oleaginous Fruits,Cyprus,World,2021,11781924
Oils Seeds & Oleaginous Fruits,Cyprus,World,2023,14863659
Oils Seeds & Oleaginous Fruits,Czechia,Russian Federation (Russia),2021,2547896
Oils Seeds & Oleaginous Fruits,Czechia,Russian Federation (Russia),2023,3922881
Oils Seeds & Oleaginous Fruits,Czechia,Ukraine,2021,1991395
Oils Seeds & Oleaginous Fruits,Czechia,Ukraine,2023,48742671
Oils Seeds & Oleaginous Fruits,Czechia,World,2021,419452406
Oils Seeds & Oleaginous Fruits,Czechia,World,2023,583755282
Oils Seeds & Oleaginous Fruits,Denmark,Russian Federation (Russia),2021,20635
Oils Seeds & Oleaginous Fruits,Denmark,Russian Federation (Russia),2023,409907
Oils Seeds & Oleaginous Fruits,Denmark,Ukraine,2021,821196
Oils Seeds & Oleaginous Fruits,Denmark,Ukraine,2023,598638
Oils Seeds & Oleaginous Fruits,Denmark,World,2021,351623408
Oils Seeds & Oleaginous Fruits,Denmark,World,2023,311470128
Oils Seeds & Oleaginous Fruits,Estonia,Russian Federation (Russia),2021,1661771
Oils Seeds & Oleaginous Fruits,Estonia,Russian Federation (Russia),2023,771692
Oils Seeds & Oleaginous Fruits,Estonia,Ukraine,2021,4441669
Oils Seeds & Oleaginous Fruits,Estonia,Ukraine,2023,4180295
Oils Seeds & Oleaginous Fruits,Estonia,World,2021,29447853
Oils Seeds & Oleaginous Fruits,Estonia,World,2023,45914270
Oils Seeds & Oleaginous Fruits,European Union,Russian Federation (Russia),2021,249229981
Oils Seeds & Oleaginous Fruits,European Union,Russian Federation (Russia),2023,281319525
Oils Seeds & Oleaginous Fruits,European Union,Ukraine,2021,1365182658
Oils Seeds & Oleaginous Fruits,European Union,Ukraine,2023,1862463894
Oils Seeds & Oleaginous Fruits,Finland,Russian Federation (Russia),2021,243972
Oils Seeds & Oleaginous Fruits,Finland,Russian Federation (Russia),2023,14646
Oils Seeds & Oleaginous Fruits,Finland,Ukraine,2021,295548
Oils Seeds & Oleaginous Fruits,Finland,Ukraine,2023,2091293
Oils Seeds & Oleaginous Fruits,Finland,World,2021,131661229
Oils Seeds & Oleaginous Fruits,Finland,World,2023,142324681
Oils Seeds & Oleaginous Fruits,France,Russian Federation (Russia),2021,410802
Oils Seeds & Oleaginous Fruits,France,Russian Federation (Russia),2023,132223
Oils Seeds & Oleaginous Fruits,France,Ukraine,2021,164013244
Oils Seeds & Oleaginous Fruits,France,Ukraine,2023,170510791
Oils Seeds & Oleaginous Fruits,France,World,2021,2201948950
Oils Seeds & Oleaginous Fruits,France,World,2023,2499228423
Oils Seeds & Oleaginous Fruits,Germany,Russian Federation (Russia),2021,20999259
Oils Seeds & Oleaginous Fruits,Germany,Russian Federation (Russia),2023,21737266
Oils Seeds & Oleaginous Fruits,Germany,Ukraine,2021,220615485
Oils Seeds & Oleaginous Fruits,Germany,Ukraine,2023,367530962
Oils Seeds & Oleaginous Fruits,Germany,World,2021,6608722252
Oils Seeds & Oleaginous Fruits,Germany,World,2023,7527256676
Oils Seeds & Oleaginous Fruits,Greece,Russian Federation (Russia),2021,54780
Oils Seeds & Oleaginous Fruits,Greece,Russian Federation (Russia),2023,137708
Oils Seeds & Oleaginous Fruits,Greece,Ukraine,2021,16591086
Oils Seeds & Oleaginous Fruits,Greece,Ukraine,2023,47218666
Oils Seeds & Oleaginous Fruits,Greece,World,2021,288791994
Oils Seeds & Oleaginous Fruits,Greece,World,2023,377068150
Oils Seeds & Oleaginous Fruits,Hungary,Russian Federation (Russia),2021,876480
Oils Seeds & Oleaginous Fruits,Hungary,Russian Federation (Russia),2023,3786326
Oils Seeds & Oleaginous Fruits,Hungary,Ukraine,2021,23769380
Oils Seeds & Oleaginous Fruits,Hungary,Ukraine,2023,101689796
Oils Seeds & Oleaginous Fruits,Hungary,World,2021,443808259
Oils Seeds & Oleaginous Fruits,Hungary,World,2023,555804856
Oils Seeds & Oleaginous Fruits,Ireland,Russian Federation (Russia),2021,2959
Oils Seeds & Oleaginous Fruits,Ireland,Russian Federation (Russia),2023,96
Oils Seeds & Oleaginous Fruits,Ireland,Ukraine,2021,18345
Oils Seeds & Oleaginous Fruits,Ireland,Ukraine,2023,8240
Oils Seeds & Oleaginous Fruits,Ireland,World,2021,85464160
Oils Seeds & Oleaginous Fruits,Ireland,World,2023,111037674
Oils Seeds & Oleaginous Fruits,Italy,Russian Federation (Russia),2021,12077135
Oils Seeds & Oleaginous Fruits,Italy,Russian Federation (Russia),2023,6167058
Oils Seeds & Oleaginous Fruits,Italy,Ukraine,2021,62640916
Oils Seeds & Oleaginous Fruits,Italy,Ukraine,2023,87360834
Oils Seeds & Oleaginous Fruits,Italy,World,2021,2074590749
Oils Seeds & Oleaginous Fruits,Italy,World,2023,2181745380
Oils Seeds & Oleaginous Fruits,Latvia,Russian Federation (Russia),2021,5436881
Oils Seeds & Oleaginous Fruits,Latvia,Russian Federation (Russia),2023,7169536
Oils Seeds & Oleaginous Fruits,Latvia,Ukraine,2021,2693401
Oils Seeds & Oleaginous Fruits,Latvia,Ukraine,2023,34790485
Oils Seeds & Oleaginous Fruits,Latvia,World,2021,101771609
Oils Seeds & Oleaginous Fruits,Latvia,World,2023,142988678
Oils Seeds & Oleaginous Fruits,Lithuania,Russian Federation (Russia),2021,1826335
Oils Seeds & Oleaginous Fruits,Lithuania,Russian Federation (Russia),2023,265502
Oils Seeds & Oleaginous Fruits,Lithuania,Ukraine,2021,2986444
Oils Seeds & Oleaginous Fruits,Lithuania,Ukraine,2023,19353149
Oils Seeds & Oleaginous Fruits,Lithuania,World,2021,92120493
Oils Seeds & Oleaginous Fruits,Lithuania,World,2023,142214999
Oils Seeds & Oleaginous Fruits,Luxembourg,Russian Federation (Russia),2021,875
Oils Seeds & Oleaginous Fruits,Luxembourg,World,2021,53260490
Oils Seeds & Oleaginous Fruits,Luxembourg,World,2023,41142760
Oils Seeds & Oleaginous Fruits,Malta,Russian Federation (Russia),2021,60
Oils Seeds & Oleaginous Fruits,Malta,Ukraine,2023,17
Oils Seeds & Oleaginous Fruits,Malta,World,2021,6628759
Oils Seeds & Oleaginous Fruits,Malta,World,2023,9135129
Oils Seeds & Oleaginous Fruits,Netherlands,Russian Federation (Russia),2021,23385738
Oils Seeds & Oleaginous Fruits,Netherlands,Russian Federation (Russia),2023,3086401
Oils Seeds & Oleaginous Fruits,Netherlands,Ukraine,2021,430442513
Oils Seeds & Oleaginous Fruits,Netherlands,Ukraine,2023,140270616
Oils Seeds & Oleaginous Fruits,Netherlands,World,2021,4994334111
Oils Seeds & Oleaginous Fruits,Netherlands,World,2023,4980036371
Oils Seeds & Oleaginous Fruits,Poland,Russian Federation (Russia),2021,37187524
Oils Seeds & Oleaginous Fruits,Poland,Russian Federation (Russia),2023,73542281
Oils Seeds & Oleaginous Fruits,Poland,Ukraine,2021,57884095
Oils Seeds & Oleaginous Fruits,Poland,Ukraine,2023,113171631
Oils Seeds & Oleaginous Fruits,Poland,World,2021,839811974
Oils Seeds & Oleaginous Fruits,Poland,World,2023,887356563
Oils Seeds & Oleaginous Fruits,Portugal,Russian Federation (Russia),2021,63072
Oils Seeds & Oleaginous Fruits,Portugal,Ukraine,2021,26166266
Oils Seeds & Oleaginous Fruits,Portugal,Ukraine,2023,36946661
Oils Seeds & Oleaginous Fruits,Portugal,World,2021,876085748
Oils Seeds & Oleaginous Fruits,Portugal,World,2023,843039749
Oils Seeds & Oleaginous Fruits,Romania,Russian Federation (Russia),2021,5766174
Oils Seeds & Oleaginous Fruits,Romania,Russian Federation (Russia),2023,1275751
Oils Seeds & Oleaginous Fruits,Romania,Ukraine,2021,4183853
Oils Seeds & Oleaginous Fruits,Romania,Ukraine,2023,120891195
Oils Seeds & Oleaginous Fruits,Romania,World,2021,533624687
Oils Seeds & Oleaginous Fruits,Romania,World,2023,640071852
Oils Seeds & Oleaginous Fruits,Slovakia,Russian Federation (Russia),2021,123375
Oils Seeds & Oleaginous Fruits,Slovakia,Russian Federation (Russia),2023,121630
Oils Seeds & Oleaginous Fruits,Slovakia,Ukraine,2021,2020643
Oils Seeds & Oleaginous Fruits,Slovakia,Ukraine,2023,22385917
Oils Seeds & Oleaginous Fruits,Slovakia,World,2021,108709972
Oils Seeds & Oleaginous Fruits,Slovakia,World,2023,139964951
Oils Seeds & Oleaginous Fruits,Slovenia,Russian Federation (Russia),2021,86734
Oils Seeds & Oleaginous Fruits,Slovenia,Russian Federation (Russia),2023,9235
Oils Seeds & Oleaginous Fruits,Slovenia,Ukraine,2021,8356645
Oils Seeds & Oleaginous Fruits,Slovenia,Ukraine,2023,40498003
Oils Seeds & Oleaginous Fruits,Slovenia,World,2021,62034721
Oils Seeds & Oleaginous Fruits,Slovenia,World,2023,99763281
Oils Seeds & Oleaginous Fruits,Spain,Russian Federation (Russia),2021,2863583
Oils Seeds & Oleaginous Fruits,Spain,Russian Federation (Russia),2023,868845
Oils Seeds & Oleaginous Fruits,Spain,Ukraine,2021,5283992
Oils Seeds & Oleaginous Fruits,Spain,Ukraine,2023,39914599
Oils Seeds & Oleaginous Fruits,Spain,World,2021,2854570932
Oils Seeds & Oleaginous Fruits,Spain,World,2023,3105062682
Oils Seeds & Oleaginous Fruits,Sweden,Russian Federation (Russia),2021,5565
Oils Seeds & Oleaginous Fruits,Sweden,Ukraine,2021,142372
Oils Seeds & Oleaginous Fruits,Sweden,Ukraine,2023,234412
Oils Seeds & Oleaginous Fruits,Sweden,World,2021,208565256
Oils Seeds & Oleaginous Fruits,Sweden,World,2023,235603831
"Precious stones, metals, & pearls",Austria,Russian Federation (Russia),2021,181006
"Precious stones, metals, & pearls",Austria,Russian Federation (Russia),2023,10534
"Precious stones, metals, & pearls",Austria,Ukraine,2021,45309
"Precious stones, metals, & pearls",Austria,Ukraine,2023,120081
"Precious stones, metals, & pearls",Austria,World,2021,5764274218
"Precious stones, metals, & pearls",Austria,World,2023,4636618429
"Precious stones, metals, & pearls",Belgium,Russian Federation (Russia),2021,1803555442
"Precious stones, metals, & pearls",Belgium,Russian Federation (Russia),2023,288244900
"Precious stones, metals, & pearls",Belgium,Ukraine,2021,113956
"Precious stones, metals, & pearls",Belgium,Ukraine,2023,15066
"Precious stones, metals, & pearls",Belgium,World,2021,17031634260
"Precious stones, metals, & pearls",Belgium,World,2023,12450060095
"Precious stones, metals, & pearls",Bulgaria,Russian Federation (Russia),2021,208635
"Precious stones, metals, & pearls",Bulgaria,Russian Federation (Russia),2023,10258
"Precious stones, metals, & pearls",Bulgaria,Ukraine,2021,6299
"Precious stones, metals, & pearls",Bulgaria,Ukraine,2023,62653
"Precious stones, metals, & pearls",Bulgaria,World,2021,141235407
"Precious stones, metals, & pearls",Bulgaria,World,2023,303829582
"Precious stones, metals, & pearls",Croatia,Russian Federation (Russia),2023,25
"Precious stones, metals, & pearls",Croatia,Ukraine,2021,1406
"Precious stones, metals, & pearls",Croatia,Ukraine,2023,29
"Precious stones, metals, & pearls",Croatia,World,2021,111033423
"Precious stones, metals, & pearls",Croatia,World,2023,222528139
"Precious stones, metals, & pearls",Cyprus,Russian Federation (Russia),2021,82231
"Precious stones, metals, & pearls",Cyprus,Russian Federation (Russia),2023,1075
"Precious stones, metals, & pearls",Cyprus,Ukraine,2021,2019
"Precious stones, metals, & pearls",Cyprus,Ukraine,2023,390
"Precious stones, metals, & pearls",Cyprus,World,2021,50872234
"Precious stones, metals, & pearls",Cyprus,World,2023,62860733
"Precious stones, metals, & pearls",Czechia,Russian Federation (Russia),2021,84123
"Precious stones, metals, & pearls",Czechia,Russian Federation (Russia),2023,59829
"Precious stones, metals, & pearls",Czechia,Ukraine,2021,125543
"Precious stones, metals, & pearls",Czechia,Ukraine,2023,138357
"Precious stones, metals, & pearls",Czechia,World,2021,1609374964
"Precious stones, metals, & pearls",Czechia,World,2023,1173899851
"Precious stones, metals, & pearls",Denmark,Russian Federation (Russia),2021,1628
"Precious stones, metals, & pearls",Denmark,Russian Federation (Russia),2023,3071
"Precious stones, metals, & pearls",Denmark,Ukraine,2021,75416
"Precious stones, metals, & pearls",Denmark,Ukraine,2023,26213
"Precious stones, metals, & pearls",Denmark,World,2021,257054859
"Precious stones, metals, & pearls",Denmark,World,2023,266876291
"Precious stones, metals, & pearls",Estonia,Russian Federation (Russia),2021,2668705
"Precious stones, metals, & pearls",Estonia,Russian Federation (Russia),2023,161131
"Precious stones, metals, & pearls",Estonia,Ukraine,2021,21278
"Precious stones, metals, & pearls",Estonia,Ukraine,2023,15828
"Precious stones, metals, & pearls",Estonia,World,2021,412771826
"Precious stones, metals, & pearls",Estonia,World,2023,206150012
"Precious stones, metals, & pearls",European Union,Russian Federation (Russia),2021,4624389848
"Precious stones, metals, & pearls",European Union,Russian Federation (Russia),2023,1001066347
"Precious stones, metals, & pearls",European Union,Ukraine,2021,26975543
"Precious stones, metals, & pearls",European Union,Ukraine,2023,9650049
"Precious stones, metals, & pearls",Finland,Russian Federation (Russia),2021,28378
"Precious stones, metals, & pearls",Finland,Russian Federation (Russia),2023,14332
"Precious stones, metals, & pearls",Finland,Ukraine,2021,7061
"Precious stones, metals, & pearls",Finland,Ukraine,2023,6772
"Precious stones, metals, & pearls",Finland,World,2021,143407677
"Precious stones, metals, & pearls",Finland,World,2023,114131909
"Precious stones, metals, & pearls",France,Russian Federation (Russia),2021,3883961
"Precious stones, metals, & pearls",France,Russian Federation (Russia),2023,20843
"Precious stones, metals, & pearls",France,Ukraine,2021,160975
"Precious stones, metals, & pearls",France,Ukraine,2023,282781
"Precious stones, metals, & pearls",France,World,2021,6549727923
"Precious stones, metals, & pearls",France,World,2023,9559641744
"Precious stones, metals, & pearls",Germany,Russian Federation (Russia),2021,1434739806
"Precious stones, metals, & pearls",Germany,Russian Federation (Russia),2023,268126818
"Precious stones, metals, & pearls",Germany,Ukraine,2021,21539984
"Precious stones, metals, & pearls",Germany,Ukraine,2023,6201792
"Precious stones, metals, & pearls",Germany,World,2021,33614151355
"Precious stones, metals, & pearls",Germany,World,2023,22412111928
"Precious stones, metals, & pearls",Greece,Russian Federation (Russia),2021,236
"Precious stones, metals, & pearls",Greece,Russian Federation (Russia),2023,308
"Precious stones, metals, & pearls",Greece,Ukraine,2023,2039
"Precious stones, metals, & pearls",Greece,World,2021,123114921
"Precious stones, metals, & pearls",Greece,World,2023,236074527
"Precious stones, metals, & pearls",Hungary,Russian Federation (Russia),2021,15128
"Precious stones, metals, & pearls",Hungary,Russian Federation (Russia),2023,5111
"Precious stones, metals, & pearls",Hungary,Ukraine,2021,10762
"Precious stones, metals, & pearls",Hungary,Ukraine,2023,5736
"Precious stones, metals, & pearls",Hungary,World,2021,272955620
"Precious stones, metals, & pearls",Hungary,World,2023,231777782
"Precious stones, metals, & pearls",Ireland,Russian Federation (Russia),2021,6986998
"Precious stones, metals, & pearls",Ireland,Russian Federation (Russia),2023,7739
"Precious stones, metals, & pearls",Ireland,Ukraine,2021,439813
"Precious stones, metals, & pearls",Ireland,Ukraine,2023,70115
"Precious stones, metals, & pearls",Ireland,World,2021,1061412609
"Precious stones, metals, & pearls",Ireland,World,2023,1439010515
"Precious stones, metals, & pearls",Italy,Russian Federation (Russia),2021,1297110283
"Precious stones, metals, & pearls",Italy,Russian Federation (Russia),2023,444182630
"Precious stones, metals, & pearls",Italy,Ukraine,2021,3612681
"Precious stones, metals, & pearls",Italy,Ukraine,2023,1734398
"Precious stones, metals, & pearls",Italy,World,2021,16115742277
"Precious stones, metals, & pearls",Italy,World,2023,15890569754
"Precious stones, metals, & pearls",Latvia,Russian Federation (Russia),2021,19885218
"Precious stones, metals, & pearls",Latvia,Russian Federation (Russia),2023,17043
"Precious stones, metals, & pearls",Latvia,Ukraine,2021,52813
"Precious stones, metals, & pearls",Latvia,Ukraine,2023,10717
"Precious stones, metals, & pearls",Latvia,World,2021,61948854
"Precious stones, metals, & pearls",Latvia,World,2023,71947548
"Precious stones, metals, & pearls",Lithuania,Russian Federation (Russia),2021,48941995
"Precious stones, metals, & pearls",Lithuania,Russian Federation (Russia),2023,41396
"Precious stones, metals, & pearls",Lithuania,Ukraine,2021,171494
"Precious stones, metals, & pearls",Lithuania,Ukraine,2023,76620
"Precious stones, metals, & pearls",Lithuania,World,2021,283823114
"Precious stones, metals, & pearls",Lithuania,World,2023,166992767
"Precious stones, metals, & pearls",Luxembourg,Russian Federation (Russia),2021,485
"Precious stones, metals, & pearls",Luxembourg,Russian Federation (Russia),2023,169
"Precious stones, metals, & pearls",Luxembourg,Ukraine,2021,1204
"Precious stones, metals, & pearls",Luxembourg,Ukraine,2023,175
"Precious stones, metals, & pearls",Luxembourg,World,2021,176671221
"Precious stones, metals, & pearls",Luxembourg,World,2023,222480054
"Precious stones, metals, & pearls",Malta,Russian Federation (Russia),2021,1746
"Precious stones, metals, & pearls",Malta,Russian Federation (Russia),2023,856
"Precious stones, metals, & pearls",Malta,Ukraine,2021,1124
"Precious stones, metals, & pearls",Malta,Ukraine,2023,5236
"Precious stones, metals, & pearls",Malta,World,2021,27991498
"Precious stones, metals, & pearls",Malta,World,2023,31792939
"Precious stones, metals, & pearls",Netherlands,Russian Federation (Russia),2021,934839
"Precious stones, metals, & pearls",Netherlands,Russian Federation (Russia),2023,2855
"Precious stones, metals, & pearls",Netherlands,Ukraine,2021,19902
"Precious stones, metals, & pearls",Netherlands,Ukraine,2023,25018
"Precious stones, metals, & pearls",Netherlands,World,2021,1429350472
"Precious stones, metals, & pearls",Netherlands,World,2023,1395828809
"Precious stones, metals, & pearls",Poland,Russian Federation (Russia),2021,2468943
"Precious stones, metals, & pearls",Poland,Russian Federation (Russia),2023,122916
"Precious stones, metals, & pearls",Poland,Ukraine,2021,472527
"Precious stones, metals, & pearls",Poland,Ukraine,2023,751763
"Precious stones, metals, & pearls",Poland,World,2021,2161924477
"Precious stones, metals, & pearls",Poland,World,2023,1842475654
"Precious stones, metals, & pearls",Portugal,Russian Federation (Russia),2021,4882
"Precious stones, metals, & pearls",Portugal,Russian Federation (Russia),2023,3501
"Precious stones, metals, & pearls",Portugal,Ukraine,2021,1211
"Precious stones, metals, & pearls",Portugal,Ukraine,2023,21069
"Precious stones, metals, & pearls",Portugal,World,2021,221486823
"Precious stones, metals, & pearls",Portugal,World,2023,350989539
"Precious stones, metals, & pearls",Romania,World,2021,326371887
"Precious stones, metals, & pearls",Romania,World,2023,419683262
"Precious stones, metals, & pearls",Slovakia,Russian Federation (Russia),2021,91794
"Precious stones, metals, & pearls",Slovakia,Russian Federation (Russia),2023,202
"Precious stones, metals, & pearls",Slovakia,Ukraine,2021,587
"Precious stones, metals, & pearls",Slovakia,Ukraine,2023,1160
"Precious stones, metals, & pearls",Slovakia,World,2021,125862131
"Precious stones, metals, & pearls",Slovakia,World,2023,190391708
"Precious stones, metals, & pearls",Slovenia,Russian Federation (Russia),2021,14706
"Precious stones, metals, & pearls",Slovenia,Russian Federation (Russia),2023,1804
"Precious stones, metals, & pearls",Slovenia,Ukraine,2021,2396
"Precious stones, metals, & pearls",Slovenia,Ukraine,2023,2168
"Precious stones, metals, & pearls",Slovenia,World,2021,265571081
"Precious stones, metals, & pearls",Slovenia,World,2023,204697965
"Precious stones, metals, & pearls",Spain,Russian Federation (Russia),2021,2463718
"Precious stones, metals, & pearls",Spain,Russian Federation (Russia),2023,20722
"Precious stones, metals, & pearls",Spain,Ukraine,2021,79454
"Precious stones, metals, & pearls",Spain,Ukraine,2023,66526
"Precious stones, metals, & pearls",Spain,World,2021,2969207531
"Precious stones, metals, & pearls",Spain,World,2023,3446396137
"Precious stones, metals, & pearls",Sweden,Russian Federation (Russia),2021,34962
"Precious stones, metals, & pearls",Sweden,Russian Federation (Russia),2023,6279
"Precious stones, metals, & pearls",Sweden,Ukraine,2021,10329
"Precious stones, metals, & pearls",Sweden,Ukraine,2023,7347
"Precious stones, metals, & pearls",Sweden,World,2021,387250858
"Precious stones, metals, & pearls",Sweden,World,2023,537669410
Seed Oils,Austria,Ukraine,2021,5666209
Seed Oils,Austria,Ukraine,2023,16137056
Seed Oils,Austria,World,2021,117723435
Seed Oils,Austria,World,2023,102506357
Seed Oils,Belgium,Russian Federation (Russia),2023,1
Seed Oils,Belgium,Ukraine,2021,3445573
Seed Oils,Belgium,Ukraine,2023,3460848
Seed Oils,Belgium,World,2021,479387055
Seed Oils,Belgium,World,2023,661798111
Seed Oils,Bulgaria,Russian Federation (Russia),2021,6711
Seed Oils,Bulgaria,Russian Federation (Russia),2023,4526
Seed Oils,Bulgaria,Ukraine,2021,3590936
Seed Oils,Bulgaria,Ukraine,2023,175156162
Seed Oils,Bulgaria,World,2021,32572880
Seed Oils,Bulgaria,World,2023,229841148
Seed Oils,Croatia,Ukraine,2021,99609
Seed Oils,Croatia,Ukraine,2023,1957606
Seed Oils,Croatia,World,2021,79619926
Seed Oils,Croatia,World,2023,68898466
Seed Oils,Cyprus,Russian Federation (Russia),2023,99171
Seed Oils,Cyprus,Ukraine,2021,4015028
Seed Oils,Cyprus,Ukraine,2023,4170926
Seed Oils,Cyprus,World,2021,13870816
Seed Oils,Cyprus,World,2023,15502624
Seed Oils,Czechia,Ukraine,2021,4842122
Seed Oils,Czechia,Ukraine,2023,11271354
Seed Oils,Czechia,World,2021,76369664
Seed Oils,Czechia,World,2023,92888760
Seed Oils,Denmark,Russian Federation (Russia),2021,934496
Seed Oils,Denmark,Ukraine,2021,84769
Seed Oils,Denmark,Ukraine,2023,460320
Seed Oils,Denmark,World,2021,22551181
Seed Oils,Denmark,World,2023,25717822
Seed Oils,Estonia,Russian Federation (Russia),2021,963378
Seed Oils,Estonia,Russian Federation (Russia),2023,349806
Seed Oils,Estonia,Ukraine,2021,4709121
Seed Oils,Estonia,Ukraine,2023,1549707
Seed Oils,Estonia,World,2021,7367019
Seed Oils,Estonia,World,2023,5061092
Seed Oils,European Union,Russian Federation (Russia),2021,13438761
Seed Oils,European Union,Russian Federation (Russia),2023,2189521
Seed Oils,European Union,Ukraine,2021,1686144231
Seed Oils,European Union,Ukraine,2023,1766529561
Seed Oils,Finland,Ukraine,2021,5200
Seed Oils,Finland,Ukraine,2023,216560
Seed Oils,Finland,World,2021,1759659
Seed Oils,Finland,World,2023,8094009
Seed Oils,France,Russian Federation (Russia),2021,65
Seed Oils,France,Ukraine,2021,136458922
Seed Oils,France,Ukraine,2023,70347126
Seed Oils,France,World,2021,319983841
Seed Oils,France,World,2023,373279084
Seed Oils,Germany,Russian Federation (Russia),2021,627671
Seed Oils,Germany,Russian Federation (Russia),2023,405837
Seed Oils,Germany,Ukraine,2021,4465651
Seed Oils,Germany,Ukraine,2023,16987626
Seed Oils,Germany,World,2021,531722007
Seed Oils,Germany,World,2023,503024728
Seed Oils,Greece,Ukraine,2021,7262584
Seed Oils,Greece,Ukraine,2023,5850721
Seed Oils,Greece,World,2021,78597223
Seed Oils,Greece,World,2023,121469372
Seed Oils,Hungary,Russian Federation (Russia),2021,3
Seed Oils,Hungary,Ukraine,2021,972480
Seed Oils,Hungary,Ukraine,2023,115488388
Seed Oils,Hungary,World,2021,33298130
Seed Oils,Hungary,World,2023,129560885
Seed Oils,Ireland,Russian Federation (Russia),2023,12
Seed Oils,Ireland,Ukraine,2021,987
Seed Oils,Ireland,Ukraine,2023,62512
Seed Oils,Ireland,World,2021,24441611
Seed Oils,Ireland,World,2023,46350186
Seed Oils,Italy,Russian Federation (Russia),2023,17577
Seed Oils,Italy,Ukraine,2021,287696681
Seed Oils,Italy,Ukraine,2023,254342734
Seed Oils,Italy,World,2021,627256235
Seed Oils,Italy,World,2023,719994707
Seed Oils,Latvia,Russian Federation (Russia),2021,2744218
Seed Oils,Latvia,Russian Federation (Russia),2023,688052
Seed Oils,Latvia,Ukraine,2021,3539680
Seed Oils,Latvia,Ukraine,2023,5912587
Seed Oils,Latvia,World,2021,15709681
Seed Oils,Latvia,World,2023,21325394
Seed Oils,Lithuania,Russian Federation (Russia),2021,1725232
Seed Oils,Lithuania,Russian Federation (Russia),2023,612074
Seed Oils,Lithuania,Ukraine,2021,13537055
Seed Oils,Lithuania,Ukraine,2023,13947618
Seed Oils,Lithuania,World,2021,29836812
Seed Oils,Lithuania,World,2023,33529895
Seed Oils,Luxembourg,World,2021,2805478
Seed Oils,Luxembourg,World,2023,3155409
Seed Oils,Malta,Ukraine,2021,1335138
Seed Oils,Malta,Ukraine,2023,2183400
Seed Oils,Malta,World,2021,3085639
Seed Oils,Malta,World,2023,5009660
Seed Oils,Netherlands,Russian Federation (Russia),2021,6165486
Seed Oils,Netherlands,Russian Federation (Russia),2023,11469
Seed Oils,Netherlands,Ukraine,2021,621692488
Seed Oils,Netherlands,Ukraine,2023,234922024
Seed Oils,Netherlands,World,2021,866063284
Seed Oils,Netherlands,World,2023,677159537
Seed Oils,Poland,Russian Federation (Russia),2021,271490
Seed Oils,Poland,Ukraine,2021,110358975
Seed Oils,Poland,Ukraine,2023,354311497
Seed Oils,Poland,World,2021,249138743
Seed Oils,Poland,World,2023,509553370
Seed Oils,Portugal,Ukraine,2021,32690573
Seed Oils,Portugal,Ukraine,2023,17399449
Seed Oils,Portugal,World,2021,110023136
Seed Oils,Portugal,World,2023,116356941
Seed Oils,Romania,Ukraine,2021,3278880
Seed Oils,Romania,Ukraine,2023,8144417
Seed Oils,Romania,World,2021,50631748
Seed Oils,Romania,World,2023,42342335
Seed Oils,Slovakia,Ukraine,2021,12162882
Seed Oils,Slovakia,Ukraine,2023,10975959
Seed Oils,Slovakia,World,2021,55852527
Seed Oils,Slovakia,World,2023,57845719
Seed Oils,Slovenia,Ukraine,2023,28193337
Seed Oils,Slovenia,World,2021,54152317
Seed Oils,Slovenia,World,2023,84253598
Seed Oils,Spain,Russian Federation (Russia),2021,11
Seed Oils,Spain,Russian Federation (Russia),2023,934
Seed Oils,Spain,Ukraine,2021,422553329
Seed Oils,Spain,Ukraine,2023,403540728
Seed Oils,Spain,World,2021,685262847
Seed Oils,Spain,World,2023,894201028
Seed Oils,Sweden,Russian Federation (Russia),2023,62
Seed Oils,Sweden,Ukraine,2021,1679359
Seed Oils,Sweden,Ukraine,2023,9538899
Seed Oils,Sweden,World,2021,49371764
Seed Oils,Sweden,World,2023,69380267
Wood,Austria,Russian Federation (Russia),2021,38800122
Wood,Austria,Russian Federation (Russia),2023,153
Wood,Austria,Ukraine,2021,92943349
Wood,Austria,Ukraine,2023,48323454
Wood,Austria,World,2021,3719972235
Wood,Austria,World,2023,2961347523
Wood,Belgium,Russian Federation (Russia),2021,187601683
Wood,Belgium,Russian Federation (Russia),2023,5858
Wood,Belgium,Ukraine,2021,36780614
Wood,Belgium,Ukraine,2023,27988432
Wood,Belgium,World,2021,3499582895
Wood,Belgium,World,2023,2989752078
Wood,Bulgaria,Russian Federation (Russia),2021,9755854
Wood,Bulgaria,Ukraine,2021,24651322
Wood,Bulgaria,Ukraine,2023,32057427
Wood,Bulgaria,World,2021,294870626
Wood,Bulgaria,World,2023,360959123
Wood,Croatia,Russian Federation (Russia),2021,7291657
Wood,Croatia,Russian Federation (Russia),2023,27551
Wood,Croatia,Ukraine,2021,6716961
Wood,Croatia,Ukraine,2023,9731016
Wood,Croatia,World,2021,423410751
Wood,Croatia,World,2023,533290420
Wood,Cyprus,Russian Federation (Russia),2021,3592318
Wood,Cyprus,Russian Federation (Russia),2023,12248
Wood,Cyprus,Ukraine,2021,683454
Wood,Cyprus,Ukraine,2023,307093
Wood,Cyprus,World,2021,78773452
Wood,Cyprus,World,2023,97694801
Wood,Czechia,Russian Federation (Russia),2021,62766774
Wood,Czechia,Russian Federation (Russia),2023,91103
Wood,Czechia,Ukraine,2021,56793927
Wood,Czechia,Ukraine,2023,61602559
Wood,Czechia,World,2021,1230042764
Wood,Czechia,World,2023,1245004109
Wood,Denmark,Russian Federation (Russia),2021,83383530
Wood,Denmark,Russian Federation (Russia),2023,53
Wood,Denmark,Ukraine,2021,14590236
Wood,Denmark,Ukraine,2023,22657006
Wood,Denmark,World,2021,2315012751
Wood,Denmark,World,2023,2367983569
Wood,Estonia,Russian Federation (Russia),2021,337384398
Wood,Estonia,Russian Federation (Russia),2023,12931
Wood,Estonia,Ukraine,2021,16456386
Wood,Estonia,Ukraine,2023,15472526
Wood,Estonia,World,2021,962021735
Wood,Estonia,World,2023,647099898
Wood,European Union,Russian Federation (Russia),2021,3157509636
Wood,European Union,Russian Federation (Russia),2023,624395
Wood,European Union,Ukraine,2021,1375479301
Wood,European Union,Ukraine,2023,1370440119
Wood,Finland,Russian Federation (Russia),2021,542083353
Wood,Finland,Ukraine,2021,3099660
Wood,Finland,Ukraine,2023,1882640
Wood,Finland,World,2021,1059610222
Wood,Finland,World,2023,806093771
Wood,France,Russian Federation (Russia),2021,134764525
Wood,France,Russian Federation (Russia),2023,2336
Wood,France,Ukraine,2021,40927133
Wood,France,Ukraine,2023,43904624
Wood,France,World,2021,5464843566
Wood,France,World,2023,5513582310
Wood,Germany,Russian Federation (Russia),2021,540913289
Wood,Germany,Russian Federation (Russia),2023,227061
Wood,Germany,Ukraine,2021,146278942
Wood,Germany,Ukraine,2023,133448736
Wood,Germany,World,2021,10039616027
Wood,Germany,World,2023,8489008674
Wood,Greece,Russian Federation (Russia),2021,18837258
Wood,Greece,Russian Federation (Russia),2023,1615
Wood,Greece,Ukraine,2021,4599715
Wood,Greece,Ukraine,2023,12994181
Wood,Greece,World,2021,470220526
Wood,Greece,World,2023,635416726
Wood,Hungary,Russian Federation (Russia),2021,23955468
Wood,Hungary,Ukraine,2021,104321459
Wood,Hungary,Ukraine,2023,73852642
Wood,Hungary,World,2021,983072032
Wood,Hungary,World,2023,753179369
Wood,Ireland,Russian Federation (Russia),2021,15672508
Wood,Ireland,Russian Federation (Russia),2023,1743
Wood,Ireland,Ukraine,2021,1073259
Wood,Ireland,Ukraine,2023,421229
Wood,Ireland,World,2021,691279712
Wood,Ireland,World,2023,795734802
Wood,Italy,Russian Federation (Russia),2021,142813680
Wood,Italy,Russian Federation (Russia),2023,57075
Wood,Italy,Ukraine,2021,103052263
Wood,Italy,Ukraine,2023,67137298
Wood,Italy,World,2021,4902711426
Wood,Italy,World,2023,5343195696
Wood,Latvia,Russian Federation (Russia),2021,162107385
Wood,Latvia,Russian Federation (Russia),2023,21184
Wood,Latvia,Ukraine,2021,19403483
Wood,Latvia,Ukraine,2023,26956721
Wood,Latvia,World,2021,991644277
Wood,Latvia,World,2023,601640367
Wood,Lithuania,Russian Federation (Russia),2021,166230310
Wood,Lithuania,Ukraine,2021,64070231
Wood,Lithuania,Ukraine,2023,88707168
Wood,Lithuania,World,2021,1065704602
Wood,Lithuania,World,2023,814206838
Wood,Luxembourg,Russian Federation (Russia),2021,3005
Wood,Luxembourg,Ukraine,2021,3142060
Wood,Luxembourg,Ukraine,2023,11889404
Wood,Luxembourg,World,2021,261340573
Wood,Luxembourg,World,2023,276153719
Wood,Malta,Russian Federation (Russia),2021,294715
Wood,Malta,Russian Federation (Russia),2023,256
Wood,Malta,Ukraine,2021,110169
Wood,Malta,Ukraine,2023,39577
Wood,Malta,World,2021,23149117
Wood,Malta,World,2023,31050768
Wood,Netherlands,Russian Federation (Russia),2021,255412914
Wood,Netherlands,Russian Federation (Russia),2023,1052
Wood,Netherlands,Ukraine,2021,59060650
Wood,Netherlands,Ukraine,2023,73394814
Wood,Netherlands,World,2021,5372043502
Wood,Netherlands,World,2023,4403835182
Wood,Poland,Russian Federation (Russia),2021,194813543
Wood,Poland,Russian Federation (Russia),2023,104352
Wood,Poland,Ukraine,2021,323622538
Wood,Poland,Ukraine,2023,336859210
Wood,Poland,World,2021,2631139932
Wood,Poland,World,2023,2141916761
Wood,Portugal,Russian Federation (Russia),2021,32682191
Wood,Portugal,Russian Federation (Russia),2023,507
Wood,Portugal,Ukraine,2021,3823443
Wood,Portugal,Ukraine,2023,6656950
Wood,Portugal,World,2021,972072455
Wood,Portugal,World,2023,1185512398
Wood,Romania,Russian Federation (Russia),2021,68841652
Wood,Romania,Russian Federation (Russia),2023,52928
Wood,Romania,Ukraine,2021,122348577
Wood,Romania,Ukraine,2023,139083323
Wood,Romania,World,2021,1001187110
Wood,Romania,World,2023,889265958
Wood,Slovakia,Russian Federation (Russia),2021,16488847
Wood,Slovakia,Ukraine,2021,38364668
Wood,Slovakia,Ukraine,2023,39382777
Wood,Slovakia,World,2021,835409282
Wood,Slovakia,World,2023,713881669
Wood,Slovenia,Russian Federation (Russia),2021,19220210
Wood,Slovenia,Ukraine,2021,49044160
Wood,Slovenia,Ukraine,2023,51006601
Wood,Slovenia,World,2021,718138427
Wood,Slovenia,World,2023,724955702
Wood,Spain,Russian Federation (Russia),2021,27299451
Wood,Spain,Russian Federation (Russia),2023,4389
Wood,Spain,Ukraine,2021,26405595
Wood,Spain,Ukraine,2023,31797454
Wood,Spain,World,2021,1966089444
Wood,Spain,World,2023,2244609729
Wood,Sweden,Russian Federation (Russia),2021,64498996
Wood,Sweden,Ukraine,2021,13115047
Wood,Sweden,Ukraine,2023,12885257
Wood,Sweden,World,2021,2141378697
Wood,Sweden,World,2023,2392042930
